frame,id,state,center_valid,center_score,candidates,cx,cy,tx,ty
0,1,detected,1,1,2,791,758,640.5,908.5
1,1,detected,1,0.991668,2,793,755,645.5,909.5
2,1,detected,1,0.982,2,794,753,648.5,908.5
3,1,detected,1,0.987523,2,808,743,681,915.5
4,1,detected,1,0.99308,2,809,744,683.5,917.5
5,1,detected,1,0.986424,2,809,744,684.5,918.5
6,1,detected,1,0.985171,2,818,744,703,925.5
7,1,detected,1,0.99307,2,820,744,707.5,926.5
8,1,detected,1,0.979951,2,822,744,712.955,927.968
9,1,detected,1,0.991969,2,825,744,716.5,929
10,1,detected,1,0.979228,2,827,745,720.588,930.835
11,1,detected,1,0.977145,2,837,743,738.178,933.595
12,1,detected,1,0.974625,2,838,742,741.178,933.595
13,1,detected,1,0.99032,2,840,742,744.541,934.269
14,1,lost,1,0.987294,1,842,740,nan,nan
15,1,detected,1,0.986889,2,843,738,753.572,933.744
16,1,detected,1,0.991293,2,848,726,771.742,928.17
17,1,detected,1,0.986925,2,848,726,774,928.5
18,1,detected,1,0.982636,2,849,725,778,928.5
19,1,detected,1,0.990947,2,861,709,810.134,919.335
20,1,detected,1,0.989141,2,862,709,813.302,920.004
21,1,detected,1,0.983918,2,863,710,815.5,920.5
22,1,detected,1,0.979212,2,869,709,843.235,923.095
23,1,detected,1,0.97612,2,869,709,845.235,923.095
24,1,detected,1,0.984837,2,870,709,847.437,924.839
25,1,detected,1,0.987284,2,876,692,870.093,909.571
26,1,detected,1,0.995624,2,877,690,875.138,907.889
27,1,detected,1,0.988586,2,877,690,877.312,906.5
28,1,detected,1,0.986336,2,879,692,892.724,908.47
29,1,detected,1,0.982648,2,879,693,896.554,908.844
30,1,detected,1,0.986238,2,880,694,897.583,910.395
31,1,detected,1,0.990484,2,880,696,908.5,909.5
32,1,detected,1,0.980909,2,880,696,912,909.5
33,1,detected,1,0.991031,2,880,696,913.379,911.108
34,1,detected,1,0.936012,1,858,610,895,820.5
35,1,detected,1,0.937116,1,835,576,870.408,785.553
36,1,detected,1,0.949099,1,814,546,847.5,755
37,1,detected,1,0.948878,2,792,519,825.44,727.139
38,1,detected,1,0.959106,2,771,494,803.77,702.39
39,1,detected,1,0.972584,2,650,419,686.067,626.232
40,1,detected,1,0.976795,2,638,405,674.067,612.232
41,1,detected,1,0.970275,1,625,390,660.158,598.1
42,1,detected,1,0.987572,1,613,378,648.422,586.091
43,1,detected,1,0.984611,1,604,371,640.608,577.239
44,1,detected,1,0.970971,1,599,381,640.671,585.396
45,1,detected,1,0.975709,1,604,389,648.5,595.5
46,1,detected,1,0.979098,1,607,392,652.953,597.431
47,1,detected,1,0.971618,1,628,416,678.5,619.5
48,1,detected,1,0.983427,1,632,420,683.874,622.916
49,1,detected,1,0.977188,1,636,424,689.36,626.969
50,1,detected,1,0.98168,1,639,427,693.2,630.365
51,1,detected,1,0.973516,1,641,434,697.5,636.5
52,1,detected,1,0.981426,1,642,434,699.282,636.676
53,1,detected,1,0.984314,1,643,434,701.5,636
54,1,detected,1,0.968901,1,643,434,701.2,636.365
55,1,detected,1,0.975786,1,642,435,701.5,636
56,1,detected,1,0.979215,1,642,433,701.711,633.763
57,1,detected,1,0.970635,1,642,431,702.5,631.5
58,1,detected,1,0.983001,1,638,426,701.581,625.806
59,1,detected,1,0.97464,1,638,424,701.581,623.806
60,1,detected,1,0.986307,1,637,422,701.581,620.806
61,1,detected,1,0.983524,1,635,420,701,619
62,1,detected,1,0.975108,1,635,417,700.246,615.186
63,1,detected,1,0.976241,1,635,415,700.905,613.228
64,1,detected,1,0.974195,1,635,413,702.28,611.856
65,1,detected,1,0.976179,1,634,408,705.645,603.144
66,1,detected,1,0.976423,1,634,407,705.5,602.5
67,1,detected,1,0.966147,1,634,408,705.5,602.5
68,1,detected,1,0.980499,1,632,408,705.5,604
69,1,detected,1,0.974888,1,632,409,706.227,605.227
70,1,detected,1,0.975971,1,631,409,707.026,605.307
71,1,detected,1,0.9767,1,631,410,707.361,605.149
72,1,detected,1,0.988328,1,631,410,706.28,604.301
73,1,detected,1,0.982416,1,631,411,707.712,605.034
74,1,detected,1,0.979701,1,632,413,709.5,606.5
75,1,detected,1,0.978234,1,629,419,709.5,612
76,1,detected,1,0.983837,1,628,420,709.5,613
77,1,detected,1,0.985024,1,628,420,710.396,612.779
78,1,detected,1,0.985583,1,629,420,711.5,613
79,1,detected,1,0.984346,1,629,421,712.895,613.254
80,1,detected,1,0.987908,1,629,422,713.5,613.5
81,1,detected,1,0.988036,1,628,422,713.5,612.5
82,1,lost,1,0.978655,0,628,422,nan,nan
83,1,detected,1,0.97393,1,627,421,714.143,611.718
84,1,lost,1,0.986317,0,626,422,nan,nan
85,1,lost,1,0.98623,0,625,423,nan,nan
86,1,detected,1,0.986676,1,624,424,711.5,613.5
87,1,detected,1,0.977954,1,619,422,712.221,609.889
88,1,detected,1,0.982466,1,619,423,712.784,609.108
89,1,detected,1,0.983739,1,619,423,713.5,609.5
90,1,detected,1,0.983172,1,606,428,704.5,611.5
91,1,detected,1,0.986102,1,605,428,704.5,612.5
92,1,detected,1,0.973201,1,604,429,703.672,612.052
93,1,detected,1,0.97997,1,596,437,698.5,616.5
94,1,detected,1,0.977927,1,595,437,699.02,617.39
95,1,detected,1,0.976647,1,594,438,699.401,618.619
96,1,detected,1,0.970564,1,581,447,688.92,624.61
97,1,detected,1,0.977279,1,578,448,687.98,625.61
98,1,detected,1,0.980206,1,577,448,687,625.5
99,1,detected,1,0.979075,1,570,455,682.838,630.106
100,1,detected,1,0.981178,1,569,456,682.754,631.358
101,1,lost,1,0.974633,0,568,457,nan,nan
102,1,lost,1,0.982842,2,562,468,nan,nan
103,1,lost,1,0.982656,2,561,469,nan,nan
104,1,lost,1,0.981326,2,561,469,nan,nan
105,1,lost,1,0.975279,2,561,467,nan,nan
106,1,lost,1,0.975663,2,561,480,nan,nan
107,1,lost,1,0.951455,2,552,507,nan,nan
108,1,lost,1,0.968118,2,542,567,nan,nan
109,1,lost,1,0.972339,2,537,593,nan,nan
110,1,lost,1,0.959904,2,528,620,nan,nan
111,1,lost,1,0.977552,2,520,644,nan,nan
112,1,lost,1,0.974609,2,515,743,nan,nan
113,1,lost,1,0.980369,2,514,758,nan,nan
114,1,lost,1,0.972446,2,515,763,nan,nan
115,0,lost,1,0.971543,2,528,761,nan,nan
116,2,detected,1,0.973992,2,535,749,521.5,585
117,2,detected,1,0.984557,2,539,743,524.5,581.5
118,2,detected,1,0.973346,2,559,729,538,568.5
119,2,detected,1,0.975312,2,560,728,538,567
120,2,detected,1,0.984855,2,561,726,538.23,565.212
121,2,detected,1,0.977328,2,564,724,539.5,563.5
122,2,detected,1,0.975627,2,565,725,538.5,564.5
123,2,detected,1,0.980645,2,565,728,538.138,567.372
124,2,detected,1,0.983677,2,566,734,537,573.5
125,2,detected,1,0.974757,2,566,737,536.5,579
126,2,detected,1,0.972061,2,566,742,535.743,583.293
127,2,detected,1,0.97918,2,567,745,536,585
128,2,detected,1,0.978158,2,585,763,544.5,605.5
129,2,detected,1,0.977599,2,586,765,545.5,610
130,2,detected,1,0.976732,2,588,767,545.364,611.034
131,2,detected,1,0.971213,2,600,775,547.5,620.5
132,2,detected,1,0.979083,2,602,775,548.5,622.5
133,2,detected,1,0.983372,2,603,775,548.5,622.5
134,2,detected,1,0.9812,2,613,779,549.5,627.5
135,2,detected,1,0.980884,2,615,779,551.5,631
136,2,detected,1,0.974588,2,617,779,551.529,629.088
137,2,detected,1,0.975285,2,625,781,556.5,634.5
138,2,detected,1,0.983351,2,628,782,557.5,635
139,2,detected,1,0.977531,2,631,783,558.5,635.5
140,2,detected,1,0.977701,2,633,784,558.5,636
141,2,detected,1,0.976723,2,635,784,560.5,638.5
142,2,detected,1,0.992727,2,641,786,563.5,641.5
143,2,detected,1,0.987291,2,656,789,569.5,647.5
144,2,detected,1,0.98191,2,658,789,570.5,649.5
145,2,detected,1,0.986596,2,660,790,571.5,650.5
146,2,detected,1,0.986048,2,662,791,571.5,654
147,2,detected,1,0.982084,2,663,791,570.5,653.5
148,2,detected,1,0.981751,2,665,792,570.5,653
149,2,detected,1,0.983726,2,666,792,570,654.5
150,2,detected,1,0.972694,2,670,792,571,656.5
151,2,detected,1,0.977252,2,672,791,572.5,658.5
152,2,detected,1,0.972795,2,674,792,571.5,657
153,2,detected,1,0.990194,2,687,793,577.5,666
154,2,detected,1,0.97936,2,689,793,578.5,667
155,2,detected,1,0.980811,2,691,792,579,668
156,2,detected,1,0.984614,2,694,793,579.5,670.5
157,2,detected,1,0.976301,2,702,789,584.5,672.5
158,2,detected,1,0.98223,2,705,787,584.5,669
159,2,detected,1,0.990389,2,709,784,587,667
160,2,detected,1,0.987155,2,713,782,590,666
161,2,detected,1,0.993132,2,716,780,592.5,665.5
162,2,detected,1,0.987703,1,720,778,594.5,664.5
163,2,detected,1,0.979345,1,730,776,600,666.5
164,2,detected,1,0.987749,1,734,776,603.5,668.5
165,2,detected,1,0.986073,1,738,774,604.5,666
166,2,detected,1,0.988347,1,742,772,608.5,667
167,2,detected,1,0.983192,1,749,763,613.5,660.5
168,2,detected,1,0.981192,1,765,746,627.765,645.235
169,2,detected,1,0.976732,1,783,727,644.5,628
170,2,detected,1,0.975886,1,853,671,708.5,577.5
171,2,detected,1,0.97979,1,869,656,721.5,564.5
172,2,detected,1,0.98483,1,880,645,731,555.5
173,2,detected,1,0.988296,1,889,637,740,549.5
174,2,detected,1,0.988896,1,898,628,746.5,541.5
175,2,detected,1,0.974899,1,908,618,755,533.5
176,2,detected,1,0.984109,1,914,542,755.5,469.5
177,2,detected,1,0.978578,1,913,533,752.5,461.5
178,2,detected,1,0.976972,1,913,521,750,451.5
179,2,detected,1,0.971642,1,905,514,741,450
180,2,detected,1,0.978965,1,904,512,738.5,450
181,2,detected,1,0.987726,1,904,513,736.736,453.08
182,2,detected,1,0.975643,1,903,514,735.362,455.913
183,2,detected,1,0.983076,1,902,516,732.5,459
184,2,detected,1,0.982251,1,902,520,732.021,465.441
185,2,detected,1,0.971966,1,886,541,706.3,506.937
186,2,detected,1,0.978071,1,885,541,704.445,508.178
187,2,detected,1,0.985907,1,885,538,703.572,509.714
188,2,detected,1,0.989054,1,885,533,701.5,511
189,2,detected,1,0.985683,1,886,521,701.5,503.5
190,2,detected,1,0.981995,1,886,515,701.276,499.199
191,2,detected,1,0.978243,1,886,509,700.5,495.5
192,2,detected,1,0.988628,1,887,504,700.5,491.5
193,2,detected,1,0.977036,1,887,497,700.5,487.5
194,2,detected,1,0.990284,1,884,482,696.475,476.169
195,2,detected,1,0.985214,1,883,472,694,471
196,2,detected,1,0.978596,1,881,469,692,470
197,2,detected,1,0.971231,1,879,466,690,470
198,2,detected,1,0.973308,1,877,463,688,468.5
199,2,detected,1,0.982295,1,876,460,685.921,466.426
200,2,detected,1,0.98538,1,862,451,672.429,479
201,2,detected,1,0.974583,1,861,453,670.5,481.5
202,2,detected,1,0.987735,1,861,454,670.5,484.5
203,2,detected,1,0.980394,1,863,457,673.271,499.771
204,2,detected,1,0.979178,1,864,457,673.5,501.5
205,2,detected,1,0.986289,1,863,457,673,503
206,2,detected,1,0.985351,1,862,457,672.486,505.905
207,2,detected,1,0.984178,1,861,457,671.5,506.5
208,2,detected,1,0.983571,1,850,442,662.569,508.233
209,2,detected,1,0.983691,1,849,441,663,510.5
210,2,detected,1,0.979539,1,849,439,662.994,510.669
211,2,lost,1,0.988491,0,838,416,nan,nan
212,2,lost,1,0.97528,0,837,413,nan,nan
213,2,detected,1,0.982559,1,835,411,655.5,503
214,2,detected,1,0.974766,1,831,404,655,502.5
215,2,detected,1,0.984296,1,830,403,653.591,501.705
216,2,detected,1,0.986035,1,828,399,653.591,501.705
217,2,detected,1,0.984474,1,828,398,655.5,504.5
218,2,detected,1,0.98169,1,826,402,653.5,508.5
219,2,detected,1,0.985729,1,801,444,638.5,567
220,2,detected,1,0.977369,1,796,457,635.5,582.5
221,2,detected,1,0.985087,1,796,462,635.5,588.5
222,2,detected,1,0.979787,1,797,465,639.5,595.5
223,2,detected,1,0.979755,1,796,464,638.5,594.5
224,2,detected,1,0.98504,1,795,459,639.5,593.5
225,2,detected,1,0.986423,1,794,454,639.5,589.5
226,2,detected,1,0.986366,1,793,451,641.5,589.5
227,2,detected,1,0.971748,1,792,447,641.5,585.5
228,2,detected,1,0.984587,1,791,441,640.5,580.5
229,2,detected,1,0.980365,1,770,418,635.5,574.5
230,2,detected,1,0.967638,1,769,416,634.976,574.024
231,2,detected,1,0.984336,1,769,415,636.976,574.024
232,2,detected,1,0.975341,1,766,419,637.992,581.008
233,2,lost,1,0.985711,2,763,423,nan,nan
234,2,lost,1,0.988477,2,758,428,nan,nan
235,2,lost,1,0.988474,2,753,432,nan,nan
236,2,lost,1,0.969778,2,747,437,nan,nan
237,2,lost,1,0.974933,2,745,447,nan,nan
238,2,lost,1,0.951409,2,736,510,nan,nan
239,2,lost,1,0.973785,2,806,773,nan,nan
240,2,lost,1,0.988022,2,811,799,nan,nan
241,2,lost,1,0.985801,2,812,809,nan,nan
242,2,lost,1,0.989361,2,819,779,nan,nan
243,2,lost,1,0.984034,2,820,772,nan,nan
244,2,lost,1,0.987037,2,822,766,nan,nan
245,2,lost,1,0.980881,2,824,716,nan,nan
246,2,lost,1,0.980472,2,824,716,nan,nan
247,0,lost,1,0.987527,2,825,717,nan,nan
248,3,detected,1,0.983282,2,827,718,757.59,570.705
249,3,detected,1,0.987878,2,829,717,758.5,572.5
250,3,detected,1,0.982097,2,832,717,759.59,570.705
251,3,detected,1,0.988134,2,835,718,760.976,573.31
252,3,detected,1,0.983179,2,838,719,761.777,573.611
253,3,detected,1,0.974219,2,841,720,763.5,576
254,3,detected,1,0.98854,2,847,721,765.5,578.5
255,3,detected,1,0.986388,2,849,722,766.426,580.287
256,3,detected,1,0.98876,2,867,712,769.5,579
257,3,detected,1,0.973484,2,868,710,769.5,578
258,3,detected,1,0.9823,2,869,709,770.485,578.14
259,3,detected,1,0.989418,2,873,697,763.022,572.819
260,3,detected,1,0.978122,2,873,695,761.5,570.5
261,3,detected,1,0.977986,2,875,693,762.5,570.5
262,3,detected,1,0.977203,2,878,687,759.5,569
263,3,detected,1,0.973124,2,878,685,758,567.5
264,3,detected,1,0.981727,2,879,684,758.5,568.5
265,3,detected,1,0.980115,2,880,685,758.5,570
266,3,detected,1,0.988009,2,881,685,757.5,571.5
267,3,detected,1,0.981298,2,865,678,739.5,564.5
268,3,detected,1,0.970511,2,839,675,714.5,561.5
269,3,detected,1,0.956134,2,805,669,681.5,556.5
270,3,detected,1,0.951226,2,769,661,645.5,548.5
271,3,detected,1,0.950855,2,732,651,608.5,538
272,3,detected,1,0.964556,2,450,595,320.5,482.5
273,3,detected,1,0.961229,2,439,594,308.5,482.5
274,3,detected,1,0.970217,2,436,595,305,483.5
275,3,lost,0,0.917861,0,nan,nan,nan,nan
276,3,lost,0,0.92457,0,nan,nan,nan,nan
277,3,lost,0,0.926646,0,nan,nan,nan,nan
278,3,detected,1,0.972262,2,901,751,751.625,663.191
279,3,detected,1,0.977521,2,921,753,770,665.5
280,3,detected,1,0.989544,2,938,752,784.5,665.5
281,3,detected,1,0.973824,2,952,750,798.5,666.5
282,3,lost,1,0.981533,1,916,677,nan,nan
283,3,lost,1,0.990291,1,901,666,nan,nan
284,3,lost,1,0.98145,1,896,662,nan,nan
285,3,lost,1,0.951411,1,612,600,nan,nan
286,3,lost,1,0.966203,1,582,598,nan,nan
287,3,lost,1,0.967011,1,556,595,nan,nan
288,3,lost,1,0.970663,1,465,627,nan,nan
289,3,lost,1,0.974141,1,467,630,nan,nan
290,3,lost,1,0.965557,1,469,634,nan,nan
291,3,lost,1,0.971898,1,501,647,nan,nan
292,3,lost,1,0.960626,1,506,648,nan,nan
293,3,lost,1,0.978619,1,511,647,nan,nan
294,3,lost,1,0.968373,1,522,637,nan,nan
295,3,lost,1,0.966394,1,523,635,nan,nan
296,0,lost,1,0.975748,0,523,634,nan,nan
297,4,detected,1,0.974466,1,524,638,717.5,617.5
298,4,detected,1,0.967506,1,525,639,717.61,617.982
299,4,detected,1,0.973017,1,525,640,719,619.5
300,4,detected,1,0.970889,1,530,655,721.5,628.5
301,4,detected,1,0.966284,1,529,656,721.5,629.5
302,4,detected,1,0.971433,1,529,656,721.5,631
303,4,detected,1,0.972623,1,529,654,719.5,624
304,4,detected,1,0.978752,1,529,654,719.5,621.5
305,4,detected,1,0.98006,1,529,653,719.5,621.5
306,4,detected,1,0.968379,1,529,650,718.5,614
307,4,detected,1,0.973042,1,530,650,718.5,613.5
308,4,detected,1,0.975522,1,530,651,718.5,613.5
309,4,detected,1,0.974335,1,531,662,718.455,620.848
310,4,detected,1,0.972846,1,531,663,718.5,621.5
311,4,detected,1,0.975392,1,531,664,717.236,621.255
312,4,detected,1,0.96862,1,532,668,718.5,624.5
313,4,detected,1,0.978135,1,532,669,718.5,625
314,4,detected,1,0.974225,1,532,670,717.455,625.848
315,4,detected,1,0.978186,1,532,672,717.5,626.5
316,4,detected,1,0.97613,1,532,674,717.5,628.5
317,4,detected,1,0.977185,1,532,677,717.5,631
318,4,detected,1,0.977181,1,532,689,717,641.5
319,4,lost,1,0.970227,1,531,692,nan,nan
320,4,lost,1,0.981543,1,532,694,nan,nan
321,4,lost,1,0.975147,2,532,696,nan,nan
322,4,lost,1,0.974083,2,533,698,nan,nan
323,4,lost,1,0.967961,2,533,700,nan,nan
324,4,lost,1,0.991915,2,749,822,nan,nan
325,4,lost,1,0.990022,2,760,822,nan,nan
326,4,lost,1,0.983862,2,763,822,nan,nan
327,4,lost,1,0.989249,2,777,768,nan,nan
328,4,lost,1,0.990053,2,776,762,nan,nan
329,4,lost,1,0.981054,2,775,759,nan,nan
330,4,lost,1,0.983237,2,792,745,nan,nan
331,4,lost,1,0.984551,2,793,745,nan,nan
332,4,lost,1,0.982965,2,794,745,nan,nan
333,0,lost,1,0.989511,2,821,750,nan,nan
334,5,detected,1,0.986236,2,823,749,767,598.5
335,5,detected,1,0.975948,2,824,749,767,596.5
336,5,detected,1,0.981634,2,841,732,775.5,585
337,5,detected,1,0.986778,2,844,727,776.5,580
338,5,detected,1,0.981551,2,846,726,777.5,578.5
339,5,detected,1,0.985579,2,853,719,780.5,576.5
340,5,detected,1,0.978358,2,854,717,780,572.5
341,5,detected,1,0.9804,2,856,715,781.5,572.5
342,5,detected,1,0.986231,2,858,714,781.5,570.5
343,5,detected,1,0.977939,2,859,712,782.5,570.5
344,5,detected,1,0.980057,2,860,711,781.5,568.5
345,5,detected,1,0.97914,2,872,698,780.5,561.5
346,5,detected,1,0.981657,2,872,698,781.5,564
347,5,detected,1,0.977366,2,872,698,780,564
348,5,detected,1,0.977713,2,879,687,774.5,558.5
349,5,detected,1,0.983581,2,880,686,774.5,559
350,5,detected,1,0.982508,2,881,686,773.5,561.5
351,5,detected,1,0.981838,2,889,666,771.5,549.5
352,5,detected,1,0.983418,2,891,664,770.5,550.5
353,5,detected,1,0.985172,2,891,664,769,551
354,5,detected,1,0.982558,2,893,654,764.5,547.5
355,5,detected,1,0.983167,2,894,652,763.5,547
356,5,detected,1,0.980987,2,894,651,762.5,546
357,5,detected,1,0.979685,2,895,650,761.5,546
358,5,detected,1,0.985676,2,903,625,756,538.5
359,5,lost,1,0.97783,1,903,626,nan,nan
360,5,lost,1,0.990123,1,903,626,nan,nan
361,5,lost,1,0.945246,1,757,709,nan,nan
362,5,lost,1,0.953776,1,680,733,nan,nan
363,5,lost,1,0.962155,1,647,741,nan,nan
364,5,lost,1,0.973936,1,515,783,nan,nan
365,5,lost,1,0.965203,1,517,777,nan,nan
366,5,lost,1,0.978012,1,519,772,nan,nan
367,5,lost,1,0.971389,1,580,758,nan,nan
368,5,lost,1,0.971769,1,584,758,nan,nan
369,5,lost,1,0.981461,1,587,758,nan,nan
370,5,lost,1,0.974904,1,612,776,nan,nan
371,5,lost,1,0.968056,1,613,779,nan,nan
372,5,lost,1,0.97653,1,615,781,nan,nan
373,0,lost,1,0.988192,1,617,786,nan,nan
374,6,detected,1,0.973961,1,617,791,789.027,718.487
375,6,detected,1,0.972144,1,618,797,788.5,721.5
376,6,detected,1,0.97575,1,621,803,790.5,725.5
377,6,detected,1,0.985411,1,623,807,791.5,727.5
378,6,detected,1,0.990679,1,625,810,791.5,728
379,6,detected,1,0.977649,1,655,804,812.538,710.831
380,6,detected,1,0.971121,1,658,805,813,708.5
381,6,detected,1,0.972895,1,660,805,813.98,706.464
382,6,detected,1,0.986651,1,667,794,812.243,686.418
383,6,detected,1,0.979225,1,669,794,811.786,684.36
384,6,detected,1,0.973395,1,670,794,812.5,682.573
385,6,detected,1,0.980374,1,672,794,811.5,682
386,6,detected,1,0.979293,1,682,793,816.335,675.318
387,6,detected,1,0.979386,1,684,793,815.5,673.5
388,6,detected,1,0.982199,1,686,793,815.5,672.5
389,6,detected,1,0.977268,1,688,793,816.5,670.5
390,6,detected,1,0.990135,1,689,794,815.886,670.349
391,6,detected,1,0.976812,1,691,795,816.254,669.84
392,6,detected,1,0.992224,1,699,796,817.5,666.5
393,6,detected,1,0.987254,1,702,794,818.622,663.337
394,6,detected,1,0.972058,1,705,793,820,661
395,6,detected,1,0.990603,1,708,792,820.5,659.5
396,6,detected,1,0.98448,1,714,792,822.163,657.674
397,6,detected,1,0.984562,1,716,792,823.5,655.5
398,6,detected,1,0.982416,1,732,769,820.5,625
399,6,detected,1,0.986404,1,733,767,819.5,622.5
400,6,detected,1,0.971082,1,734,766,818.373,618.449
401,6,detected,1,0.983037,1,746,767,808.5,614
402,6,detected,1,0.981999,1,748,769,807.5,613
403,6,detected,1,0.988411,1,749,770,805.5,615.5
404,6,detected,1,0.988049,1,751,770,803.5,615.5
405,6,detected,1,0.984742,1,754,770,803.62,615.003
406,6,detected,1,0.984645,1,756,771,803.5,615.5
407,6,detected,1,0.989277,1,758,772,803.5,614.5
408,6,detected,1,0.980147,1,761,773,804,613
409,6,detected,1,0.982058,1,764,773,804.5,613
410,6,detected,1,0.984304,1,769,774,805.5,613.5
411,6,detected,1,0.985936,1,776,773,807.5,613.5
412,6,detected,1,0.978229,1,782,773,808.5,614.5
413,6,detected,1,0.985991,1,784,773,808.5,614.5
414,6,detected,1,0.983403,1,786,773,808.5,614
415,6,detected,1,0.982655,1,788,773,808,612.5
416,6,detected,1,0.977605,1,790,772,808,610
417,6,detected,1,0.98477,1,799,762,799.125,600.5
418,6,detected,1,0.979556,1,800,761,798.5,601
419,6,detected,1,0.9841,1,800,759,794.5,598.5
420,6,detected,1,0.971973,1,800,760,788.5,601
421,6,detected,1,0.978969,1,799,760,783,601
422,6,detected,1,0.979332,1,799,761,780.5,600.5
423,6,detected,1,0.972091,1,799,761,778,601.5
424,6,detected,1,0.973475,1,799,760,776,600.5
425,6,lost,1,0.989411,0,800,758,nan,nan
426,6,lost,1,0.971966,0,800,757,nan,nan
427,6,lost,1,0.977316,0,800,757,nan,nan
428,6,lost,1,0.979492,0,801,756,nan,nan
429,6,lost,1,0.989875,0,802,756,nan,nan
430,6,lost,1,0.982497,0,803,755,nan,nan
431,6,lost,1,0.984699,0,804,754,nan,nan
432,6,lost,1,0.988897,0,805,752,nan,nan
433,6,lost,1,0.980138,0,807,751,nan,nan
434,6,lost,1,0.983286,0,808,749,nan,nan
435,6,lost,1,0.98159,0,809,747,nan,nan
436,6,lost,1,0.980991,0,811,746,nan,nan
437,6,lost,1,0.991803,0,811,746,nan,nan
438,6,lost,1,0.995223,0,811,746,nan,nan
439,0,lost,1,0.994221,0,811,746,nan,nan
440,0,lost,1,0.988847,0,811,746,nan,nan
441,0,lost,1,0.97389,0,812,746,nan,nan
442,0,lost,1,0.977662,0,813,745,nan,nan
443,0,lost,1,0.982963,0,813,746,nan,nan
444,0,lost,1,0.990496,0,813,746,nan,nan
445,0,lost,1,0.990471,0,814,746,nan,nan
446,0,lost,1,0.986049,0,814,746,nan,nan
447,0,lost,1,0.989358,0,815,746,nan,nan
448,0,lost,1,0.983052,0,815,747,nan,nan
449,0,lost,1,0.977351,0,816,747,nan,nan
450,0,lost,1,0.995468,0,817,746,nan,nan
451,0,lost,1,0.989384,0,818,746,nan,nan
452,0,lost,1,0.983718,0,819,747,nan,nan
453,0,lost,1,0.983594,0,819,748,nan,nan
454,7,detected,1,0.985535,1,820,748,1010.5,834.5
455,7,detected,1,0.976991,1,820,749,1010.5,834.5
456,7,detected,1,0.984965,1,820,750,1010.5,832.5
457,7,detected,1,0.947661,2,614,609,802.5,681.5
458,7,detected,1,0.96442,2,558,586,745.5,658
459,7,detected,1,0.966178,2,540,572,728.5,643.5
460,7,detected,1,0.938841,2,725,676,919.5,728
461,7,detected,1,0.956984,2,760,686,957,736
462,7,detected,1,0.966768,2,791,697,988.618,745.524
463,7,detected,1,0.968919,2,813,708,1012.5,747
464,7,detected,1,0.981974,2,789,698,988.5,736
465,7,detected,1,0.960082,2,763,685,961.5,723.5
466,7,detected,1,0.955151,2,735,672,932,709.5
467,7,detected,1,0.956256,2,702,661,898.5,699
468,7,detected,1,0.97676,2,501,595,696.5,630
469,7,detected,1,0.972663,2,489,592,684.5,626.5
470,7,detected,1,0.975928,2,473,590,668.5,624.5
471,7,detected,1,0.975943,2,489,648,685.5,670.5
472,7,detected,1,0.969327,2,493,653,689.905,673
473,7,detected,1,0.975713,2,496,657,692.5,676.5
474,7,detected,1,0.969106,2,522,653,717.5,661.5
475,7,detected,1,0.971891,2,522,651,718.5,659.5
476,7,detected,1,0.978929,2,523,650,718.5,654.5
477,7,detected,1,0.973448,2,521,619,715.5,617.5
478,7,detected,1,0.969003,2,522,617,717,615
479,7,detected,1,0.970793,2,522,615,717.5,614.5
480,7,detected,1,0.971079,2,522,625,715.5,616.5
481,7,detected,1,0.96845,2,520,629,714,619.5
482,7,detected,1,0.972676,2,521,631,714.571,619.155
483,7,detected,1,0.979592,2,522,662,715.5,648.5
484,7,detected,1,0.975827,2,521,669,714.335,653.333
485,7,detected,1,0.973007,2,521,674,713.658,656.372
486,7,detected,1,0.976162,2,522,679,715.5,662.5
487,7,detected,1,0.976049,2,524,691,715.5,666.5
488,7,detected,1,0.968723,2,525,689,715.5,663.5
489,7,detected,1,0.970095,2,525,688,715.5,661.5
490,7,detected,1,0.973673,2,525,687,715.5,660
491,7,detected,1,0.97592,2,525,686,716.451,660.31
492,7,detected,1,0.963803,2,525,685,716.5,659.5
493,7,detected,1,0.968681,2,525,685,716.407,658.658
494,7,detected,1,0.971876,2,526,685,716.5,657
495,7,detected,1,0.979333,2,527,684,716.5,654
496,7,detected,1,0.976044,2,527,684,716.5,653.5
497,7,detected,1,0.976822,2,530,687,718.5,653
498,7,detected,1,0.970214,2,530,688,718.5,653
499,7,detected,1,0.977547,2,530,688,717.5,651.5
500,7,detected,1,0.981512,2,531,690,717.5,651.5
501,7,detected,1,0.974032,2,532,691,718.5,652.5
502,7,detected,1,0.961237,2,533,692,718.5,650.5
503,7,detected,1,0.970983,2,533,692,719.5,653.5
504,7,detected,1,0.96727,2,534,696,719.5,653.5
505,7,detected,1,0.977873,2,535,697,720.5,655.5
506,7,detected,1,0.969081,2,536,699,721.5,656.5
507,7,detected,1,0.974849,2,536,701,721.5,658.5
508,7,detected,1,0.963469,2,536,703,721.5,659.5
509,7,detected,1,0.968684,2,537,705,721.529,659.088
510,7,detected,1,0.971187,2,537,706,721.5,661.5
511,7,detected,1,0.97562,2,539,710,721.5,661
512,7,detected,1,0.980197,2,539,711,721.945,662.352
513,7,detected,1,0.977941,2,539,711,722.439,662.854
514,7,detected,1,0.962354,2,541,713,722.5,661.5
515,7,detected,1,0.975074,2,541,713,722.5,661.5
516,7,detected,1,0.97932,2,541,714,722.5,661.5
517,7,detected,1,0.973236,2,541,715,722.5,662
518,7,detected,1,0.972452,2,542,716,723,664.5
519,7,detected,1,0.97145,2,542,717,723.5,664
520,7,detected,1,0.972218,2,548,725,728.384,669.211
521,7,detected,1,0.981121,2,549,726,728.5,669.5
522,7,detected,1,0.97637,2,550,727,729.5,670.5
523,7,detected,1,0.9719,2,550,728,729.5,671
524,7,detected,1,0.969115,2,559,737,734.616,671.789
525,7,detected,1,0.970713,2,560,736,735.5,672
526,7,detected,1,0.975357,2,560,736,735.5,670.5
527,7,detected,1,0.964953,2,563,735,736.5,668
528,7,detected,1,0.973895,2,563,736,737.449,669.39
529,7,detected,1,0.967048,2,564,736,737.41,668.295
530,7,lost,1,0.969133,1,564,736,nan,nan
531,7,lost,1,0.972865,1,835,578,nan,nan
532,7,lost,1,0.988077,1,853,572,nan,nan
533,7,lost,1,0.979831,1,871,566,nan,nan
534,7,lost,1,0.977378,1,930,508,nan,nan
535,7,lost,1,0.97288,1,929,504,nan,nan
536,7,lost,1,0.980417,1,926,504,nan,nan
537,7,lost,1,0.983695,1,925,503,nan,nan
538,7,lost,1,0.979011,1,915,496,nan,nan
539,7,lost,1,0.972338,1,910,494,nan,nan
540,7,lost,1,0.985938,1,906,494,nan,nan
541,7,lost,1,0.982216,1,903,496,nan,nan
542,7,lost,1,0.980623,1,898,500,nan,nan
543,7,lost,1,0.983395,1,888,505,nan,nan
544,0,lost,1,0.971833,1,870,513,nan,nan
545,8,detected,1,0.975182,1,866,513,678.5,547
546,8,detected,1,0.973633,1,865,515,677,549.5
547,8,detected,1,0.980027,1,867,519,679,555
548,8,detected,1,0.980339,1,868,520,680.5,558
549,8,detected,1,0.985183,1,869,519,681.5,557.5
550,8,detected,1,0.97775,1,871,518,683,558
551,8,detected,1,0.97356,1,872,517,684,557
552,8,detected,1,0.985061,1,873,512,685.5,554
553,8,detected,1,0.965156,1,872,500,685.5,546.5
554,8,detected,1,0.965661,1,872,496,684.5,542.5
555,8,detected,1,0.973146,1,871,493,683.943,541.611
556,8,detected,1,0.99005,1,871,490,684.5,538.5
557,8,lost,1,0.977635,0,871,487,nan,nan
558,8,detected,1,0.978759,1,871,484,684,533.5
559,8,lost,1,0.97563,0,870,482,nan,nan
560,8,lost,1,0.968627,0,870,479,nan,nan
561,8,detected,1,0.97462,1,869,473,683,527.5
562,8,detected,1,0.979665,1,869,464,684,520
563,8,detected,1,0.986294,1,870,462,684.5,521
564,8,detected,1,0.984415,1,870,460,685,519.5
565,8,detected,1,0.975903,1,870,459,685.5,519.5
566,8,lost,1,0.983581,0,868,457,nan,nan
567,8,lost,1,0.976406,0,867,456,nan,nan
568,8,detected,1,0.981865,1,860,455,676.5,522.5
569,8,detected,1,0.976442,1,855,456,672.5,524.5
570,8,detected,1,0.985409,1,853,456,670,526.5
571,8,detected,1,0.978669,1,850,456,667.609,526.797
572,8,detected,1,0.97403,1,848,456,666,528.5
573,8,detected,1,0.975838,1,847,456,663.909,528.697
574,8,detected,1,0.985153,1,839,451,660,533.5
575,8,detected,1,0.967261,1,839,450,660,535
576,8,detected,1,0.98516,1,838,450,660.5,536.5
577,8,detected,1,0.974373,1,837,450,661,539
578,8,detected,1,0.974657,1,836,448,660.853,539.641
579,8,detected,1,0.980351,1,836,446,660,537.5
580,8,detected,1,0.970451,1,835,445,659.5,538
581,8,detected,1,0.983274,1,833,443,659,538
582,8,detected,1,0.979236,1,832,442,657.5,536.5
583,8,detected,1,0.96732,1,829,438,655,534.5
584,8,detected,1,0.973036,1,807,421,641,533.5
585,8,detected,1,0.973773,1,806,422,641.5,537
586,8,detected,1,0.982633,1,805,424,640.5,538.5
587,8,lost,1,0.974875,0,791,425,nan,nan
588,8,lost,1,0.971846,0,789,425,nan,nan
589,8,lost,1,0.972195,0,788,425,nan,nan
590,8,lost,1,0.975631,0,786,425,nan,nan
591,8,lost,1,0.981425,0,785,424,nan,nan
592,8,lost,1,0.979431,0,784,424,nan,nan
593,8,lost,1,0.979336,0,783,423,nan,nan
594,8,lost,1,0.980354,0,783,422,nan,nan
595,8,lost,1,0.976414,0,782,421,nan,nan
596,8,lost,1,0.982628,0,782,420,nan,nan
597,8,lost,1,0.974525,0,782,419,nan,nan
598,8,lost,1,0.973556,0,781,418,nan,nan
599,8,lost,1,0.974917,0,782,418,nan,nan
600,8,lost,1,0.968329,0,782,418,nan,nan
601,0,lost,1,0.971042,0,782,417,nan,nan
602,0,lost,1,0.973825,0,782,417,nan,nan
603,0,lost,1,0.974196,0,782,416,nan,nan
604,0,lost,1,0.97859,0,782,416,nan,nan
605,0,lost,1,0.970168,0,782,416,nan,nan
606,0,lost,1,0.968869,0,782,416,nan,nan
607,0,lost,1,0.969621,0,782,417,nan,nan
608,0,lost,1,0.979198,0,782,417,nan,nan
609,0,lost,1,0.976317,0,782,417,nan,nan
610,0,lost,1,0.976087,0,782,417,nan,nan
611,0,lost,1,0.970845,0,782,417,nan,nan
612,0,lost,1,0.975303,0,782,418,nan,nan
613,0,lost,1,0.977635,0,782,418,nan,nan
614,0,lost,1,0.981553,0,782,418,nan,nan
615,0,lost,1,0.982432,0,782,418,nan,nan
616,0,lost,1,0.968452,0,781,419,nan,nan
617,0,lost,1,0.971509,0,781,419,nan,nan
618,0,lost,1,0.978202,0,781,419,nan,nan
619,0,lost,1,0.98093,0,781,419,nan,nan
620,0,lost,1,0.978716,0,781,419,nan,nan
621,0,lost,1,0.978101,0,781,419,nan,nan
622,0,lost,1,0.972459,0,781,419,nan,nan
623,0,lost,1,0.968587,0,781,419,nan,nan
624,0,lost,1,0.982059,0,781,420,nan,nan
625,0,lost,1,0.98706,0,781,420,nan,nan
626,0,lost,1,0.988459,0,781,420,nan,nan
627,0,lost,1,0.984065,0,781,420,nan,nan
628,0,lost,1,0.978877,0,780,420,nan,nan
629,0,lost,1,0.971575,0,780,420,nan,nan
630,0,lost,1,0.974144,0,780,419,nan,nan
631,0,lost,1,0.978514,0,780,419,nan,nan
632,0,lost,1,0.977308,0,780,419,nan,nan
633,0,lost,1,0.976033,0,780,419,nan,nan
634,0,lost,1,0.973047,0,780,420,nan,nan
635,0,lost,1,0.975434,0,780,420,nan,nan
636,0,lost,1,0.977833,0,780,419,nan,nan
637,0,lost,1,0.972842,0,780,419,nan,nan
638,0,lost,1,0.984967,0,781,418,nan,nan
639,0,lost,1,0.984123,0,781,418,nan,nan
640,0,lost,1,0.983324,0,782,418,nan,nan
641,0,lost,1,0.982164,0,782,418,nan,nan
642,0,lost,1,0.976652,0,782,418,nan,nan
643,0,lost,1,0.976779,0,782,418,nan,nan
644,0,lost,1,0.980567,0,782,418,nan,nan
645,0,lost,1,0.966372,0,782,418,nan,nan
646,0,lost,1,0.978807,0,783,418,nan,nan
647,0,lost,1,0.988441,0,783,418,nan,nan
648,0,lost,1,0.98392,0,783,418,nan,nan
649,0,lost,1,0.98,0,783,419,nan,nan
650,0,lost,1,0.983453,0,783,419,nan,nan
651,0,lost,1,0.964732,0,784,419,nan,nan
652,0,lost,1,0.98213,0,784,420,nan,nan
653,0,lost,1,0.978294,0,784,420,nan,nan
654,0,lost,1,0.976167,0,785,421,nan,nan
655,0,lost,1,0.983564,0,785,421,nan,nan
656,0,lost,1,0.979509,0,785,421,nan,nan
657,0,lost,1,0.972658,0,785,421,nan,nan
658,0,lost,1,0.97315,0,784,422,nan,nan
659,0,lost,1,0.975586,0,784,422,nan,nan
660,0,lost,1,0.978433,0,784,422,nan,nan
661,0,lost,1,0.975659,0,784,422,nan,nan
662,0,lost,1,0.974676,0,784,422,nan,nan
663,0,lost,1,0.983911,0,783,422,nan,nan
664,0,lost,1,0.980663,0,783,422,nan,nan
665,0,lost,1,0.977097,0,783,422,nan,nan
666,0,lost,1,0.968083,0,783,423,nan,nan
667,0,lost,1,0.968782,0,783,423,nan,nan
668,0,lost,1,0.974649,0,783,423,nan,nan
669,0,lost,1,0.980776,0,783,423,nan,nan
670,0,lost,1,0.98012,0,783,423,nan,nan
671,0,lost,1,0.979895,0,783,423,nan,nan
672,0,lost,1,0.976634,0,783,423,nan,nan
673,0,lost,1,0.976432,0,783,423,nan,nan
674,0,lost,1,0.979015,0,783,423,nan,nan
675,0,lost,1,0.979209,0,783,423,nan,nan
676,0,lost,1,0.971536,0,782,423,nan,nan
677,0,lost,1,0.968002,0,782,423,nan,nan
678,0,lost,1,0.975899,0,783,422,nan,nan
679,0,lost,1,0.98849,0,783,422,nan,nan
680,0,lost,1,0.977311,0,783,421,nan,nan
681,0,lost,1,0.980294,0,784,420,nan,nan
682,0,lost,1,0.978253,0,785,419,nan,nan
683,0,lost,1,0.977331,0,785,418,nan,nan
684,0,lost,1,0.979285,0,785,418,nan,nan
685,0,lost,1,0.971537,0,786,417,nan,nan
686,0,lost,1,0.977744,0,786,417,nan,nan
687,0,lost,1,0.982085,0,786,417,nan,nan
688,0,lost,1,0.974141,0,786,418,nan,nan
689,0,lost,1,0.983549,0,786,419,nan,nan
690,0,lost,1,0.973503,0,786,420,nan,nan
691,0,lost,1,0.982343,0,785,420,nan,nan
692,0,lost,1,0.977735,0,786,420,nan,nan
693,0,lost,1,0.987863,0,786,420,nan,nan
694,0,lost,1,0.98475,0,787,420,nan,nan
695,0,lost,1,0.978885,0,787,420,nan,nan
696,0,lost,1,0.976975,0,787,421,nan,nan
697,0,lost,1,0.979771,0,787,421,nan,nan
698,0,lost,1,0.975583,0,787,421,nan,nan
699,0,lost,0,0.8923,0,nan,nan,nan,nan
700,0,lost,0,0.896157,0,nan,nan,nan,nan
701,0,lost,0,0.888577,0,nan,nan,nan,nan
702,0,lost,0,0.894408,0,nan,nan,nan,nan
703,0,lost,0,0.889196,0,nan,nan,nan,nan
704,0,lost,0,0.880753,0,nan,nan,nan,nan
705,0,lost,0,0.887481,0,nan,nan,nan,nan
706,0,lost,0,0.889037,0,nan,nan,nan,nan
707,0,lost,0,0.890337,0,nan,nan,nan,nan
708,0,lost,0,0.88897,0,nan,nan,nan,nan
709,0,lost,0,0.892134,0,nan,nan,nan,nan
710,0,lost,0,0.894377,0,nan,nan,nan,nan
711,0,lost,0,0.894032,0,nan,nan,nan,nan
712,0,lost,0,0.888103,0,nan,nan,nan,nan
713,0,lost,0,0.888458,0,nan,nan,nan,nan
714,0,lost,0,0.887017,0,nan,nan,nan,nan
715,0,lost,0,0.888086,0,nan,nan,nan,nan
716,0,lost,0,0.889216,0,nan,nan,nan,nan
717,0,lost,0,0.883415,0,nan,nan,nan,nan
718,0,lost,0,0.88851,0,nan,nan,nan,nan
719,0,lost,0,0.887042,0,nan,nan,nan,nan
720,0,lost,0,0.894372,0,nan,nan,nan,nan
721,0,lost,0,0.887126,0,nan,nan,nan,nan
722,0,lost,0,0.888873,0,nan,nan,nan,nan
723,0,lost,0,0.895221,0,nan,nan,nan,nan
724,0,lost,0,0.896324,0,nan,nan,nan,nan
725,0,lost,0,0.897521,0,nan,nan,nan,nan
726,0,lost,0,0.892677,0,nan,nan,nan,nan
727,0,lost,0,0.895149,0,nan,nan,nan,nan
728,0,lost,0,0.898909,0,nan,nan,nan,nan
729,0,lost,0,0.898107,0,nan,nan,nan,nan
730,0,lost,0,0.906171,0,nan,nan,nan,nan
731,0,lost,0,0.904415,0,nan,nan,nan,nan
732,0,lost,0,0.837165,0,nan,nan,nan,nan
733,0,lost,0,0.837159,0,nan,nan,nan,nan
734,0,lost,0,0.779396,0,nan,nan,nan,nan
735,0,lost,0,0.73865,0,nan,nan,nan,nan
736,0,lost,0,0.748161,0,nan,nan,nan,nan
737,0,lost,0,0.740027,0,nan,nan,nan,nan
738,0,lost,0,0.744248,0,nan,nan,nan,nan
739,0,lost,0,0.741461,0,nan,nan,nan,nan
740,0,lost,0,0.739859,0,nan,nan,nan,nan
741,0,lost,0,0.74046,0,nan,nan,nan,nan
742,0,lost,0,0.741959,0,nan,nan,nan,nan
743,0,lost,0,0.818939,0,nan,nan,nan,nan
744,0,lost,0,0.748147,0,nan,nan,nan,nan
745,0,lost,0,0.746347,0,nan,nan,nan,nan
746,0,lost,0,0.748686,0,nan,nan,nan,nan
747,0,lost,0,0.750175,0,nan,nan,nan,nan
748,0,lost,0,0.749276,0,nan,nan,nan,nan
749,0,lost,0,0.750874,0,nan,nan,nan,nan
750,0,lost,0,0.753209,0,nan,nan,nan,nan
751,0,lost,0,0.745409,0,nan,nan,nan,nan
752,0,lost,0,0.748586,0,nan,nan,nan,nan
753,0,lost,0,0.75174,0,nan,nan,nan,nan
754,0,lost,0,0.745453,0,nan,nan,nan,nan
755,0,lost,0,0.750325,0,nan,nan,nan,nan
756,0,lost,0,0.751139,0,nan,nan,nan,nan
757,0,lost,0,0.75144,0,nan,nan,nan,nan
758,0,lost,0,0.749818,0,nan,nan,nan,nan
759,0,lost,0,0.746479,0,nan,nan,nan,nan
760,0,lost,0,0.756548,0,nan,nan,nan,nan
761,0,lost,0,0.75612,0,nan,nan,nan,nan
762,0,lost,0,0.753433,0,nan,nan,nan,nan
763,0,lost,0,0.75355,0,nan,nan,nan,nan
764,0,lost,0,0.754246,0,nan,nan,nan,nan
765,0,lost,0,0.753179,0,nan,nan,nan,nan
766,0,lost,0,0.752611,0,nan,nan,nan,nan
767,0,lost,0,0.75488,0,nan,nan,nan,nan
768,0,lost,0,0.762883,0,nan,nan,nan,nan
769,0,lost,0,0.745712,0,nan,nan,nan,nan
770,0,lost,0,0.749417,0,nan,nan,nan,nan
771,0,lost,0,0.750132,0,nan,nan,nan,nan
772,0,lost,0,0.756715,0,nan,nan,nan,nan
773,0,lost,0,0.837163,0,nan,nan,nan,nan
774,0,lost,0,0.837163,0,nan,nan,nan,nan
775,0,lost,0,0.776717,0,nan,nan,nan,nan
776,0,lost,0,0.776717,0,nan,nan,nan,nan
777,0,lost,0,0.776717,0,nan,nan,nan,nan
778,0,lost,0,0.776717,0,nan,nan,nan,nan
779,0,lost,0,0.776717,0,nan,nan,nan,nan
780,0,lost,0,0.739459,0,nan,nan,nan,nan
781,0,lost,0,0.746173,0,nan,nan,nan,nan
782,0,lost,0,0.748148,0,nan,nan,nan,nan
783,0,lost,0,0.750174,0,nan,nan,nan,nan
784,0,lost,0,0.745917,0,nan,nan,nan,nan
785,0,lost,0,0.748067,0,nan,nan,nan,nan
786,0,lost,0,0.748914,0,nan,nan,nan,nan
787,0,lost,0,0.752582,0,nan,nan,nan,nan
788,0,lost,0,0.745522,0,nan,nan,nan,nan
789,0,lost,0,0.745916,0,nan,nan,nan,nan
790,0,lost,0,0.749129,0,nan,nan,nan,nan
791,0,lost,0,0.747504,0,nan,nan,nan,nan
792,0,lost,0,0.743718,0,nan,nan,nan,nan
793,0,lost,0,0.753387,0,nan,nan,nan,nan
794,0,lost,0,0.753006,0,nan,nan,nan,nan
795,0,lost,0,0.746121,0,nan,nan,nan,nan
796,0,lost,0,0.75639,0,nan,nan,nan,nan
797,0,lost,0,0.745461,0,nan,nan,nan,nan
798,0,lost,0,0.746644,0,nan,nan,nan,nan
799,0,lost,0,0.747715,0,nan,nan,nan,nan
800,0,lost,0,0.749537,0,nan,nan,nan,nan
801,0,lost,0,0.748037,0,nan,nan,nan,nan
802,0,lost,0,0.750308,0,nan,nan,nan,nan
803,0,lost,0,0.751709,0,nan,nan,nan,nan
804,0,lost,0,0.749,0,nan,nan,nan,nan
805,0,lost,0,0.745836,0,nan,nan,nan,nan
806,0,lost,0,0.748206,0,nan,nan,nan,nan
807,0,lost,0,0.746011,0,nan,nan,nan,nan
808,0,lost,0,0.751096,0,nan,nan,nan,nan
809,0,lost,0,0.752493,0,nan,nan,nan,nan
810,0,lost,0,0.746249,0,nan,nan,nan,nan
811,0,lost,0,0.749192,0,nan,nan,nan,nan
812,0,lost,0,0.748071,0,nan,nan,nan,nan
813,0,lost,0,0.750046,0,nan,nan,nan,nan
814,0,lost,0,0.75276,0,nan,nan,nan,nan
815,0,lost,0,0.753408,0,nan,nan,nan,nan
816,0,lost,0,0.750991,0,nan,nan,nan,nan
817,0,lost,0,0.749027,0,nan,nan,nan,nan
818,0,lost,0,0.754029,0,nan,nan,nan,nan
819,0,lost,0,0.746802,0,nan,nan,nan,nan
820,0,lost,0,0.781941,0,nan,nan,nan,nan
821,0,lost,0,0.789893,0,nan,nan,nan,nan
822,0,lost,0,0.798821,0,nan,nan,nan,nan
823,0,lost,0,0.790509,0,nan,nan,nan,nan
824,0,lost,0,0.777808,0,nan,nan,nan,nan
825,0,lost,0,0.762673,0,nan,nan,nan,nan
826,0,lost,0,0.748488,0,nan,nan,nan,nan
827,0,lost,0,0.754698,0,nan,nan,nan,nan
828,0,lost,0,0.749291,0,nan,nan,nan,nan
829,0,lost,0,0.751178,0,nan,nan,nan,nan
830,0,lost,0,0.752437,0,nan,nan,nan,nan
831,0,lost,0,0.74945,0,nan,nan,nan,nan
832,0,lost,0,0.753358,0,nan,nan,nan,nan
833,0,lost,0,0.747495,0,nan,nan,nan,nan
834,0,lost,0,0.757388,0,nan,nan,nan,nan
835,0,lost,0,0.754833,0,nan,nan,nan,nan
836,0,lost,0,0.756682,0,nan,nan,nan,nan
837,0,lost,0,0.75433,0,nan,nan,nan,nan
838,0,lost,0,0.75467,0,nan,nan,nan,nan
839,0,lost,0,0.747355,0,nan,nan,nan,nan
840,0,lost,0,0.758416,0,nan,nan,nan,nan
841,0,lost,0,0.758418,0,nan,nan,nan,nan
842,0,lost,0,0.757025,0,nan,nan,nan,nan
843,0,lost,0,0.750875,0,nan,nan,nan,nan
844,0,lost,0,0.741808,0,nan,nan,nan,nan
845,0,lost,0,0.751418,0,nan,nan,nan,nan
846,0,lost,0,0.746433,0,nan,nan,nan,nan
847,0,lost,0,0.753949,0,nan,nan,nan,nan
848,0,lost,0,0.750218,0,nan,nan,nan,nan
849,0,lost,0,0.745991,0,nan,nan,nan,nan
850,0,lost,0,0.748031,0,nan,nan,nan,nan
851,0,lost,0,0.746895,0,nan,nan,nan,nan
852,0,lost,0,0.755531,0,nan,nan,nan,nan
853,0,lost,0,0.757536,0,nan,nan,nan,nan
854,0,lost,0,0.753927,0,nan,nan,nan,nan
855,0,lost,0,0.762872,0,nan,nan,nan,nan
856,0,lost,0,0.764416,0,nan,nan,nan,nan
857,0,lost,0,0.749893,0,nan,nan,nan,nan
858,0,lost,0,0.747833,0,nan,nan,nan,nan
859,0,lost,0,0.744964,0,nan,nan,nan,nan
860,0,lost,0,0.751468,0,nan,nan,nan,nan
861,0,lost,0,0.743721,0,nan,nan,nan,nan
862,0,lost,0,0.74603,0,nan,nan,nan,nan
863,0,lost,0,0.747522,0,nan,nan,nan,nan
864,0,lost,0,0.783403,0,nan,nan,nan,nan
865,0,lost,0,0.750203,0,nan,nan,nan,nan
866,0,lost,0,0.758098,0,nan,nan,nan,nan
867,0,lost,0,0.759404,0,nan,nan,nan,nan
868,0,lost,0,0.756943,0,nan,nan,nan,nan
869,0,lost,0,0.751633,0,nan,nan,nan,nan
870,0,lost,0,0.751334,0,nan,nan,nan,nan
871,0,lost,0,0.747251,0,nan,nan,nan,nan
872,0,lost,0,0.750448,0,nan,nan,nan,nan
873,0,lost,0,0.747198,0,nan,nan,nan,nan
874,0,lost,0,0.760899,0,nan,nan,nan,nan
875,0,lost,0,0.751599,0,nan,nan,nan,nan
876,0,lost,0,0.766838,0,nan,nan,nan,nan
877,0,lost,0,0.750806,0,nan,nan,nan,nan
878,0,lost,0,0.749535,0,nan,nan,nan,nan
879,0,lost,0,0.752438,0,nan,nan,nan,nan
880,0,lost,0,0.782174,0,nan,nan,nan,nan
881,0,lost,0,0.754274,0,nan,nan,nan,nan
882,0,lost,0,0.75087,0,nan,nan,nan,nan
883,0,lost,0,0.753805,0,nan,nan,nan,nan
884,0,lost,0,0.749673,0,nan,nan,nan,nan
885,0,lost,0,0.744607,0,nan,nan,nan,nan
886,0,lost,0,0.748991,0,nan,nan,nan,nan
887,0,lost,0,0.754166,0,nan,nan,nan,nan
888,0,lost,0,0.746169,0,nan,nan,nan,nan
889,0,lost,0,0.748418,0,nan,nan,nan,nan
890,0,lost,0,0.745879,0,nan,nan,nan,nan
891,0,lost,0,0.753923,0,nan,nan,nan,nan
892,0,lost,0,0.755371,0,nan,nan,nan,nan
893,0,lost,0,0.74686,0,nan,nan,nan,nan
894,0,lost,0,0.755421,0,nan,nan,nan,nan
895,0,lost,0,0.748777,0,nan,nan,nan,nan
896,0,lost,0,0.752231,0,nan,nan,nan,nan
897,0,lost,0,0.755515,0,nan,nan,nan,nan
898,0,lost,0,0.7452,0,nan,nan,nan,nan
899,0,lost,0,0.750898,0,nan,nan,nan,nan
900,0,lost,0,0.746592,0,nan,nan,nan,nan
901,0,lost,0,0.837163,0,nan,nan,nan,nan
902,0,lost,0,0.837163,0,nan,nan,nan,nan
903,0,lost,0,0.75109,0,nan,nan,nan,nan
904,0,lost,0,0.745756,0,nan,nan,nan,nan
905,0,lost,0,0.748485,0,nan,nan,nan,nan
906,0,lost,0,0.746027,0,nan,nan,nan,nan
907,0,lost,0,0.743994,0,nan,nan,nan,nan
908,0,lost,0,0.750936,0,nan,nan,nan,nan
909,0,lost,0,0.751204,0,nan,nan,nan,nan
910,0,lost,0,0.746722,0,nan,nan,nan,nan
911,0,lost,0,0.74991,0,nan,nan,nan,nan
912,0,lost,0,0.742989,0,nan,nan,nan,nan
913,0,lost,0,0.740471,0,nan,nan,nan,nan
914,0,lost,1,0.978877,0,723,492,nan,nan
915,9,detected,1,0.988549,2,724,490,683.5,702.5
916,9,detected,1,0.984787,2,725,486,687.5,699.5
917,9,detected,1,0.989477,2,726,484,689.648,697.707
918,9,detected,1,0.98276,2,728,481,694.4,693.568
919,9,detected,1,0.982517,2,729,479,697.101,693.786
920,9,detected,1,0.971695,2,730,478,699.563,692.161
921,9,detected,1,0.985533,2,732,476,704.618,690.52
922,9,detected,1,0.970923,2,733,478,706,691.5
923,9,detected,1,0.987403,2,732,480,707.5,694.5
924,9,detected,1,0.981953,2,731,484,708.045,699.584
925,9,detected,1,0.972407,2,729,490,709.5,705.5
926,9,detected,1,0.975157,2,729,493,709.683,709.222
927,9,detected,1,0.974712,2,729,496,711.5,711
928,9,detected,1,0.991247,2,729,498,714.5,713.5
929,9,detected,1,0.984516,2,730,498,717.556,713.572
930,9,detected,1,0.98546,2,732,497,722.551,713.551
931,9,detected,1,0.975738,2,732,497,724.5,712.5
932,9,detected,1,0.977316,2,733,498,728.5,714
933,9,detected,1,0.982919,2,734,498,730.5,714.5
934,9,detected,1,0.97495,2,734,499,732,714
935,9,detected,1,0.982707,2,734,499,733.5,714.5
936,9,detected,1,0.968965,2,733,500,737,715.071
937,9,detected,1,0.980228,2,733,500,738.251,715.472
938,9,detected,1,0.984763,2,733,500,740,715.5
939,9,detected,1,0.980966,2,734,501,743.534,715.78
940,9,detected,1,0.986181,2,734,501,745.907,717.281
941,9,detected,1,0.978611,2,735,501,748.5,715.5
942,9,detected,1,0.981828,2,735,501,751,715
943,9,detected,1,0.983191,2,735,501,755.303,716.506
944,9,detected,1,0.979005,2,735,501,756.525,715.826
945,9,detected,1,0.99304,2,735,502,759.897,715.811
946,9,detected,1,0.980543,2,735,502,761.367,716.245
947,9,detected,1,0.985972,2,735,503,763.072,716.22
948,9,detected,1,0.973185,2,735,503,766.5,716.5
949,9,detected,1,0.980471,2,735,504,768.5,716.5
950,9,detected,1,0.992752,2,735,504,769.5,716.5
951,9,detected,1,0.978637,2,735,504,772.818,716.286
952,9,detected,1,0.973746,2,735,505,774.818,716.286
953,9,detected,1,0.976093,2,735,505,776.5,715.5
954,9,detected,1,0.972782,2,735,505,779.577,715.038
955,9,detected,1,0.972998,2,735,505,782.942,714.967
956,9,detected,1,0.977541,2,735,505,784.286,714.182
957,9,detected,1,0.976052,2,735,505,785.559,713.594
958,9,detected,1,0.989579,2,735,506,788.206,713.249
959,9,detected,1,0.99289,2,735,506,790.206,713.249
960,9,detected,1,0.983842,2,735,506,791.5,713.5
961,9,detected,1,0.984635,2,735,507,794.649,713.276
962,9,detected,1,0.984055,2,735,507,796.5,712.5
963,9,detected,1,0.981758,2,735,507,799.5,711.5
964,9,detected,1,0.980981,2,735,507,800.88,711.704
965,9,detected,1,0.974015,2,735,508,801.699,711.594
966,9,detected,1,0.989613,2,734,508,805,710.5
967,9,detected,1,0.989365,2,734,508,806.017,710.287
968,9,detected,1,0.988434,2,734,508,808,709.5
969,9,detected,1,0.984044,2,734,508,811,708.5
970,9,detected,1,0.975386,2,734,508,812.5,707.5
971,9,detected,1,0.98154,2,734,509,813.671,707.657
972,9,detected,1,0.973835,2,734,510,818,706.5
973,9,detected,1,0.975751,2,733,510,818.5,706.5
974,9,detected,1,0.976378,2,733,510,819.5,705.5
975,9,detected,1,0.982393,2,733,509,823.5,703
976,9,detected,1,0.980155,2,733,509,825,702.5
977,9,detected,1,0.976362,2,733,510,827.5,701.5
978,9,detected,1,0.972494,2,733,509,829.5,700.5
979,9,detected,1,0.9869,2,733,509,831.5,699.5
980,9,detected,1,0.976912,2,733,509,837.221,695.666
981,9,detected,1,0.97784,2,733,509,837.5,696
982,9,detected,1,0.982458,2,733,509,839.5,694.5
983,9,detected,1,0.977992,2,733,509,843,692.5
984,9,detected,1,0.978247,2,733,509,842.351,691.936
985,9,detected,1,0.977699,2,733,509,846.5,689.5
986,9,detected,1,0.981311,2,733,510,848.5,688.5
987,9,detected,1,0.98845,2,733,510,850.5,688.5
988,9,detected,1,0.985623,2,733,511,851.5,688.5
989,9,detected,1,0.981494,2,733,511,855.5,685.5
990,9,detected,1,0.977005,2,733,510,859.5,682
991,9,detected,1,0.987438,2,734,510,862,680
992,9,detected,1,0.990062,2,734,510,863.5,679.5
993,9,detected,1,0.980329,2,734,512,866.5,678.5
994,9,detected,1,0.970504,2,734,513,866.5,678.5
995,9,detected,1,0.978982,2,734,513,870.233,676.233
996,9,detected,1,0.982436,2,734,513,873.5,673.5
997,9,detected,1,0.983017,2,734,513,874.5,672.5
998,9,detected,1,0.972164,2,735,513,876.5,670.5
999,9,detected,1,0.9867,2,735,513,879.5,668
1000,9,detected,1,0.984482,2,735,513,881.5,666
1001,9,detected,1,0.977652,2,735,513,882,666.5
1002,9,detected,1,0.985935,2,735,514,884.5,664.5
1003,9,detected,1,0.989884,2,735,514,888.5,660.5
1004,9,detected,1,0.986555,2,735,515,890.5,658.5
1005,9,detected,1,0.986439,2,735,515,891.5,657.5
1006,9,detected,1,0.980095,2,735,515,892.5,656
1007,9,detected,1,0.978067,2,736,515,895.5,652.5
1008,9,detected,1,0.977891,2,736,515,897.5,650.5
1009,9,detected,1,0.9774,2,736,515,898.5,649.5
1010,9,detected,1,0.974193,2,736,515,900.5,647.5
1011,9,detected,1,0.989171,2,736,516,901.5,646.5
1012,9,detected,1,0.97219,2,736,517,902.053,645.202
1013,9,detected,1,0.973531,2,735,517,904.5,641
1014,9,detected,1,0.970191,2,736,516,906.5,638.5
1015,9,detected,1,0.968936,2,736,516,908.5,635.5
1016,9,detected,1,0.972703,2,736,517,909.5,633.5
1017,9,detected,1,0.978726,2,736,518,911.5,632
1018,9,detected,1,0.983674,2,736,518,912,630.5
1019,9,detected,1,0.981105,2,736,519,913.784,628.392
1020,9,detected,1,0.986035,2,736,522,915.5,629
1021,9,detected,1,0.985654,2,736,524,916.5,629
1022,9,detected,1,0.98712,2,736,526,917.5,628
1023,9,detected,1,0.975386,2,736,533,918.5,632.5
1024,9,detected,1,0.978926,2,735,538,919.5,635
1025,9,detected,1,0.977804,2,735,544,920.5,637.5
1026,9,detected,1,0.981241,2,735,554,921.5,645
1027,9,detected,1,0.981452,2,735,560,922.5,647
1028,9,detected,1,0.973899,2,734,570,922.5,654.5
1029,9,detected,1,0.96735,2,734,575,922.908,657.303
1030,9,detected,1,0.992985,2,733,578,922.908,659.303
1031,9,detected,1,0.983334,2,733,581,923.711,658.238
1032,9,detected,1,0.98394,2,732,581,923.5,656
1033,9,detected,1,0.981165,2,731,580,923.5,652.5
1034,9,detected,1,0.97965,2,731,578,924.785,645.193
1035,9,detected,1,0.969686,2,731,577,925.5,641.5
1036,9,detected,1,0.98049,2,732,576,925.5,639.5
1037,9,detected,1,0.980159,2,734,580,929.5,639.5
1038,9,detected,1,0.971373,2,731,622,927.128,676.907
1039,9,detected,1,0.975615,2,731,647,927.5,701
1040,9,detected,1,0.972696,2,734,669,931.5,719.5
1041,9,detected,1,0.9841,2,733,709,932.5,752.5
1042,9,detected,1,0.988847,2,728,718,926.5,761.5
1043,9,detected,1,0.985817,2,719,722,918.5,761.5
1044,9,detected,1,0.968522,2,688,723,886.5,762
1045,9,detected,1,0.984712,2,669,724,866.5,762
1046,9,detected,1,0.974563,2,628,729,826,762.5
1047,9,detected,1,0.970997,2,608,731,806,763.5
1048,9,detected,1,0.971915,2,590,731,787,762.5
1049,9,detected,1,0.965626,2,561,725,757.5,753.5
1050,9,detected,1,0.971237,2,552,723,749.5,749.5
1051,9,detected,1,0.972478,2,537,724,733.5,747
1052,9,detected,1,0.967591,2,533,725,729.5,743.5
1053,9,detected,1,0.972542,2,528,729,723.615,744.5
1054,9,detected,1,0.959001,2,527,732,723.557,745.5
1055,9,detected,1,0.965565,2,529,735,725.5,746.5
1056,9,detected,1,0.972966,2,538,738,733.5,743.5
1057,9,detected,1,0.964988,2,542,740,737,744
1058,9,detected,1,0.971092,2,547,742,741.5,741
1059,9,detected,1,0.971121,2,556,748,750.5,744.5
1060,9,detected,1,0.964997,2,560,751,754.5,745.5
1061,9,detected,1,0.963279,2,571,753,763.5,743
1062,9,detected,1,0.961921,2,574,755,766.5,741.5
1063,9,detected,1,0.974145,2,582,760,773.404,742.119
1064,9,detected,1,0.982118,2,585,762,775.5,742
1065,9,detected,1,0.976071,2,589,766,779,741
1066,9,detected,1,0.974579,2,591,768,780,741
1067,9,detected,1,0.971143,2,593,770,781.5,739.5
1068,9,detected,1,0.962607,2,596,773,782.5,740
1069,9,detected,1,0.978527,2,597,774,782.5,738.5
1070,9,detected,1,0.973402,2,598,775,783.5,737
1071,9,detected,1,0.976545,2,599,775,782.5,732.5
1072,9,detected,1,0.976995,2,600,775,782.5,730.5
1073,9,detected,1,0.98435,2,603,776,783.426,728.3
1074,9,detected,1,0.974538,2,606,778,784.529,725.55
1075,9,detected,1,0.97074,2,608,778,785.5,723.5
1076,9,detected,1,0.976429,2,610,779,786.977,723.074
1077,9,detected,1,0.966304,2,612,779,787.803,721.005
1078,9,detected,1,0.965793,2,617,780,790.107,717.597
1079,9,detected,1,0.980906,2,619,781,791.236,716.086
1080,9,detected,1,0.976822,2,624,780,794.5,711.5
1081,9,detected,1,0.986567,2,627,780,795.982,709.652
1082,9,detected,1,0.970159,2,630,780,797.5,707.5
1083,9,detected,1,0.965252,2,634,782,799.333,706.399
1084,9,detected,1,0.977462,2,636,784,799.786,706.167
1085,9,detected,1,0.971516,2,638,785,800.792,704.909
1086,9,detected,1,0.978595,2,643,784,803,701
1087,9,detected,1,0.980077,2,647,784,804,698
1088,9,detected,1,0.982391,2,649,785,804.5,696.5
1089,9,detected,1,0.96924,2,652,785,805,694
1090,9,detected,1,0.978946,2,654,785,805.5,692.5
1091,9,detected,1,0.974975,2,655,785,806,690.5
1092,9,detected,1,0.977854,2,659,785,806.744,686.744
1093,9,detected,1,0.980841,2,661,785,807.017,686.017
1094,9,detected,1,0.984442,2,663,786,807.5,685.5
1095,9,detected,1,0.973969,2,666,787,808.992,682.992
1096,9,detected,1,0.974408,2,668,787,808.5,682.5
1097,9,detected,1,0.972854,2,671,787,809.5,681
1098,9,detected,1,0.988685,2,675,786,811,677.5
1099,9,detected,1,0.989604,2,677,786,812.5,676
1100,9,detected,1,0.980425,2,681,787,812.5,674.5
1101,9,detected,1,0.972898,2,682,787,813.5,672
1102,9,detected,1,0.983209,2,684,787,813.5,671
1103,9,detected,1,0.975247,2,687,785,813.5,667.5
1104,9,detected,1,0.970588,2,690,784,813.5,665
1105,9,detected,1,0.974793,2,693,782,814.5,661.5
1106,9,detected,1,0.990211,2,695,782,814.5,660
1107,9,detected,1,0.979348,2,697,781,815.838,657.004
1108,9,detected,1,0.966627,2,701,779,815.5,653.5
1109,9,detected,1,0.973462,2,703,778,816.5,650.5
1110,9,detected,1,0.986841,2,707,777,817.5,647
1111,9,detected,1,0.983133,2,709,777,817.946,645.797
1112,9,detected,1,0.976951,2,710,777,818.21,643.926
1113,9,detected,1,0.98432,2,714,777,819.5,640.5
1114,9,detected,1,0.977331,2,716,777,817,642.5
1115,9,detected,1,0.977103,2,718,777,817.5,641.5
1116,9,detected,1,0.979962,2,722,776,818.974,637.987
1117,9,detected,1,0.986953,2,723,776,818,637.5
1118,9,detected,1,0.980299,2,725,777,819.294,635.897
1119,9,detected,1,0.981318,2,728,777,818.778,634.889
1120,9,detected,1,0.983132,2,729,777,817.5,635
1121,9,detected,1,0.970293,2,731,777,817.5,633.5
1122,9,detected,1,0.992573,2,733,776,816.59,631.795
1123,9,detected,1,0.981262,2,734,776,816.59,630.795
1124,9,detected,1,0.988136,2,736,778,814.5,632.5
1125,9,detected,1,0.985692,2,737,778,814.5,631.5
1126,9,detected,1,0.982713,2,738,780,814.5,631.5
1127,9,detected,1,0.978594,2,740,783,813.5,633.5
1128,9,detected,1,0.988063,2,741,784,813.5,633.5
1129,9,detected,1,0.987478,2,743,784,811.5,633.5
1130,9,detected,1,0.987171,2,744,784,811.5,631.5
1131,9,detected,1,0.976487,2,746,782,812.441,628.676
1132,9,detected,1,0.97689,2,748,781,810.5,629.5
1133,9,detected,1,0.978336,2,749,780,810.5,627.5
1134,9,detected,1,0.988397,2,751,781,810.5,625
1135,9,detected,1,0.977829,2,752,781,808.504,627.989
1136,9,detected,1,0.983977,2,754,779,808.5,625
1137,9,detected,1,0.978843,2,755,779,809,621.5
1138,9,detected,1,0.975811,2,756,779,808.5,621.5
1139,9,detected,1,0.986708,2,758,778,808.301,618.2
1140,9,detected,1,0.990853,2,759,778,807.5,619
1141,9,detected,1,0.98121,2,760,778,806.5,619.5
1142,9,detected,1,0.98246,2,761,777,806,617.5
1143,9,detected,1,0.977658,2,761,777,804.5,617.5
1144,9,detected,1,0.976604,2,762,777,803.5,616.5
1145,9,detected,1,0.985444,2,763,778,802,617
1146,9,detected,1,0.990897,2,764,778,801,616
1147,9,detected,1,0.988705,2,765,778,799.5,617.5
1148,9,detected,1,0.97209,2,765,778,799.5,614.5
1149,9,detected,1,0.981921,2,767,778,797.5,616
1150,9,detected,1,0.985518,2,767,778,797.5,614.5
1151,9,detected,1,0.984787,2,768,778,796.5,616.5
1152,9,detected,1,0.985247,2,768,778,795.5,616.5
1153,9,detected,1,0.993844,2,769,778,793.5,617.5
1154,9,detected,1,0.991214,2,770,778,793.5,614.5
1155,9,detected,1,0.982234,2,771,778,793.061,614.927
1156,9,detected,1,0.984403,2,772,778,791.5,614.5
1157,9,detected,1,0.987346,2,772,778,791,614.5
1158,9,detected,1,0.979883,2,773,779,789.5,614.5
1159,9,detected,1,0.980718,2,774,779,789,615
1160,9,detected,1,0.986432,2,775,778,787.5,614.5
1161,9,detected,1,0.989578,2,775,778,787.5,612.5
1162,9,detected,1,0.982539,2,775,777,786,610
1163,9,detected,1,0.984256,2,777,776,785.5,610.5
1164,9,detected,1,0.99302,2,777,776,785.5,609.5
1165,9,detected,1,0.989263,2,777,776,784,609.5
1166,9,detected,1,0.975896,2,778,776,783.5,609.5
1167,9,detected,1,0.986132,2,779,775,782.5,610
1168,9,detected,1,0.979901,2,779,774,782,609.5
1169,9,detected,1,0.983773,2,781,774,781.5,609
1170,9,detected,1,0.991157,2,781,774,780.5,607.5
1171,9,detected,1,0.984827,2,782,773,779.952,607
1172,9,detected,1,0.987409,2,782,772,779.5,606.5
1173,9,detected,1,0.980503,2,783,771,779.03,607
1174,9,detected,1,0.988378,2,784,770,778.5,605
1175,9,detected,1,0.980901,2,786,769,779.036,604.5
1176,9,detected,1,0.987254,2,786,770,778.524,604.5
1177,9,detected,1,0.985478,2,786,769,777.976,604.5
1178,9,detected,1,0.993796,2,787,768,777.5,602.5
1179,9,detected,1,0.985687,2,787,768,777.5,602.5
1180,9,detected,1,0.993117,2,789,768,777.5,604.5
1181,9,detected,1,0.976676,2,790,769,777.5,604.5
1182,9,detected,1,0.976837,2,789,769,775.5,604.5
1183,9,detected,1,0.982068,2,789,768,774,603.5
1184,9,detected,1,0.983299,2,791,767,774,603.5
1185,9,detected,1,0.985703,2,792,766,773.5,601.5
1186,9,detected,1,0.991303,2,793,766,773.5,600.5
1187,9,detected,1,0.987234,2,794,766,773.5,602
1188,9,detected,1,0.982421,2,794,766,772.5,599.5
1189,9,detected,1,0.988582,2,794,766,772,600.5
1190,9,detected,1,0.991307,2,795,766,770.5,599
1191,9,detected,1,0.984422,1,795,767,771,601
1192,9,detected,1,0.988501,2,795,767,769.5,601.5
1193,9,detected,1,0.992105,2,795,768,770.5,602.5
1194,9,detected,1,0.980189,2,795,769,767.5,605
1195,9,detected,1,0.981174,2,796,769,767.5,605.5
1196,9,detected,1,0.984112,2,796,769,767,604.5
1197,9,detected,1,0.976579,2,797,769,767,603
1198,9,detected,1,0.98092,2,798,769,767.5,605.5
1199,9,detected,1,0.981762,2,799,770,767,606.5
1200,9,detected,1,0.986494,2,798,772,765.5,607
1201,9,detected,1,0.982981,2,798,772,764.057,608.389
1202,9,detected,1,0.98209,2,798,772,763.5,609
1203,9,detected,1,0.988471,2,797,772,763,608.5
1204,9,detected,1,0.978511,2,799,772,763.478,610.847
1205,9,detected,1,0.98718,2,799,772,763.478,610.847
1206,9,detected,1,0.980279,2,800,771,763,609
1207,9,detected,1,0.981263,2,801,771,763.5,608.5
1208,9,detected,1,0.976754,2,802,774,763.417,614.511
1209,9,detected,1,0.989951,2,803,775,763.5,614.5
1210,9,detected,1,0.978023,2,803,775,763.485,614.405
1211,9,detected,1,0.991235,2,802,774,761,613
1212,9,detected,1,0.981933,2,802,772,760.981,612.406
1213,9,lost,1,0.983657,0,803,771,nan,nan
1214,9,lost,1,0.986971,0,802,770,nan,nan
1215,9,lost,1,0.979268,0,802,769,nan,nan
1216,9,lost,1,0.979113,0,803,769,nan,nan
1217,9,lost,1,0.977488,0,802,768,nan,nan
1218,9,lost,1,0.991397,0,804,764,nan,nan
1219,9,lost,1,0.977553,0,804,764,nan,nan
1220,9,lost,1,0.979076,0,805,764,nan,nan
1221,9,detected,1,0.980277,2,805,763,756.926,604.143
1222,9,detected,1,0.985928,2,805,763,756.074,601.857
1223,9,detected,1,0.98562,2,804,763,754.5,602.5
1224,9,detected,1,0.983644,2,804,762,754.451,603.31
1225,9,detected,1,0.98302,2,804,762,752.5,601.5
1226,9,detected,1,0.990461,2,803,764,751.5,602.5
1227,9,detected,1,0.992446,2,803,766,751.5,607.5
1228,9,detected,1,0.980205,2,803,766,750.5,606.5
1229,9,detected,1,0.971924,2,802,767,749.5,608
1230,9,detected,1,0.994751,2,803,764,748,603
1231,9,detected,1,0.987497,2,803,763,748.5,603.5
1232,9,detected,1,0.98031,2,803,763,746.818,604.171
1233,9,detected,1,0.98821,2,803,764,746.5,604.5
1234,9,detected,1,0.98059,2,803,764,746.5,605.5
1235,9,detected,1,0.980534,2,803,765,746,606.5
1236,9,detected,1,0.97939,2,804,764,746.5,606.5
1237,9,detected,1,0.98089,2,805,763,746.5,605.5
1238,9,detected,1,0.994307,2,805,762,744.58,602.807
1239,9,detected,1,0.99204,2,805,762,744.5,603.5
1240,9,detected,1,0.993726,2,805,762,744.5,606.5
1241,9,detected,1,0.986059,2,804,763,742.5,606
1242,9,detected,1,0.971198,2,804,762,742.5,605.5
1243,9,detected,1,0.984099,2,805,761,741.5,605
1244,9,detected,1,0.989353,2,805,761,741.5,604.5
1245,9,detected,1,0.987126,2,806,762,741.5,606
1246,9,detected,1,0.984477,2,806,762,740.846,606.718
1247,9,detected,1,0.984006,2,806,763,740.5,607
1248,9,detected,1,0.979252,2,807,763,740,607.5
1249,9,detected,1,0.983914,2,807,763,740,607.5
1250,9,detected,1,0.975374,2,807,763,739.091,606.303
1251,9,detected,1,0.970067,2,809,762,739.5,607.5
1252,9,detected,1,0.97911,2,809,763,739.5,609
1253,9,detected,1,0.98131,2,809,764,739.5,610
1254,9,detected,1,0.987213,2,809,763,738.292,609.236
1255,9,detected,1,0.985372,2,809,762,737.5,608
1256,9,detected,1,0.987335,2,810,761,738,608
1257,9,detected,1,0.982253,2,811,760,738,606.5
1258,9,detected,1,0.984731,2,812,759,738,605.5
1259,9,detected,1,0.973759,2,812,758,738,605
1260,9,detected,1,0.991042,2,813,758,737.5,603
1261,9,detected,1,0.990409,2,814,756,738.5,603
1262,9,detected,1,0.98628,2,815,755,737.841,600.963
1263,9,detected,1,0.974924,2,816,755,739.5,603.5
1264,9,detected,1,0.985936,2,816,758,737.5,604.5
1265,9,detected,1,0.979936,2,816,757,738.5,606
1266,9,detected,1,0.987705,2,815,756,735.5,604.5
1267,9,detected,1,0.985506,2,815,755,735,604.5
1268,9,detected,1,0.99051,2,815,754,734.5,602.5
1269,9,detected,1,0.987576,2,815,753,733.5,602.5
1270,9,detected,1,0.989168,2,815,754,733.5,603
1271,9,detected,1,0.983359,2,816,754,733.5,603.5
1272,9,detected,1,0.976527,2,816,754,733,605
1273,9,detected,1,0.986065,2,816,753,732.5,602.5
1274,9,detected,1,0.992694,2,817,752,733.159,602.037
1275,9,detected,1,0.971151,2,818,750,733.5,601.5
1276,9,detected,1,0.991131,2,819,750,733.5,600.5
1277,9,detected,1,0.98817,2,820,750,733.5,600.5
1278,9,detected,1,0.99211,2,821,750,734.192,602.823
1279,9,detected,1,0.992346,2,821,750,734.192,602.823
1280,9,detected,1,0.986824,2,823,749,734.5,602.5
1281,9,detected,1,0.985544,2,823,749,734.5,603.5
1282,9,detected,1,0.980005,2,824,749,733.5,602.5
1283,9,detected,1,0.986755,2,824,750,732.5,602.5
1284,9,detected,1,0.985744,2,824,750,732.5,604.5
1285,9,detected,1,0.984578,2,825,751,732.5,605
1286,9,detected,1,0.982829,2,825,751,731,604.5
1287,9,detected,1,0.982145,2,825,750,731,604.5
1288,9,detected,1,0.978945,2,825,749,730.5,605.5
1289,9,detected,1,0.981477,2,826,748,730.5,604.5
1290,9,detected,1,0.992889,2,828,746,730.5,604
1291,9,detected,1,0.989433,2,829,745,730.5,601.5
1292,9,detected,1,0.988328,2,831,744,731.104,601.698
1293,9,detected,1,0.989369,2,833,743,731.5,600.5
1294,9,detected,1,0.981583,2,834,742,731.306,599.597
1295,9,detected,1,0.986015,2,835,741,732.5,600.5
1296,9,detected,1,0.991605,2,837,738,732,597
1297,9,detected,1,0.980854,2,837,736,732.5,596.5
1298,9,detected,1,0.98862,2,838,735,732.5,596.5
1299,9,detected,1,0.98644,2,840,731,732.5,592
1300,9,detected,1,0.991967,2,841,730,733.5,592.5
1301,9,detected,1,0.980629,2,842,729,732.5,591
1302,9,detected,1,0.971566,2,843,727,732.5,591
1303,9,detected,1,0.985651,2,845,728,731.5,592.5
1304,9,detected,1,0.987152,2,846,728,731.5,592.5
1305,9,detected,1,0.988963,2,847,727,733.5,593.5
1306,9,detected,1,0.982537,2,848,726,732.5,592.5
1307,9,detected,1,0.985088,2,850,725,733.5,593
1308,9,detected,1,0.982991,2,851,723,733.5,591.5
1309,9,detected,1,0.981172,2,853,722,733.5,590.5
1310,9,detected,1,0.981675,2,854,721,733.5,590
1311,9,detected,1,0.98156,2,856,719,733.742,589.338
1312,9,detected,1,0.976203,2,857,717,734.369,588.587
1313,9,detected,1,0.981483,2,858,715,734.5,587
1314,9,detected,1,0.979569,2,860,711,734.5,584
1315,9,detected,1,0.986407,2,862,708,735,582.5
1316,9,detected,1,0.977472,2,862,707,735,582.5
1317,9,detected,1,0.983956,2,863,706,734.5,581.5
1318,9,detected,1,0.980259,2,864,704,734.91,581.37
1319,9,detected,1,0.986271,2,865,702,734.5,579.5
1320,9,detected,1,0.979667,2,866,698,734.5,577.5
1321,9,detected,1,0.989878,2,868,692,734.251,571.722
1322,9,detected,1,0.9848,2,869,688,733.81,568.62
1323,9,detected,1,0.981211,2,870,684,734.251,565.722
1324,9,detected,1,0.98229,2,872,678,734.918,561.704
1325,9,detected,1,0.97803,2,873,676,735.81,559.62
1326,9,detected,1,0.977725,2,876,669,736.5,555.5
1327,9,detected,1,0.986861,2,877,667,736.5,553.5
1328,9,detected,1,0.98434,2,878,665,735.5,552
1329,9,detected,1,0.986293,2,880,662,736.335,551.318
1330,9,detected,1,0.977341,2,880,661,735.5,550.5
1331,9,detected,1,0.980249,2,881,660,734.5,550.5
1332,9,detected,1,0.985558,2,882,661,734.352,553.839
1333,9,detected,1,0.974171,2,883,661,733.918,554.855
1334,9,detected,1,0.985799,2,884,661,734.341,555.5
1335,9,detected,1,0.984631,2,885,660,733.81,556.38
1336,9,detected,1,0.994502,2,887,660,734.338,557.412
1337,9,detected,1,0.986584,2,888,660,734.5,557.5
1338,9,detected,1,0.983501,2,889,658,733.644,558.303
1339,9,detected,1,0.992719,2,891,654,733.684,557.248
1340,9,detected,1,0.984767,2,892,652,733.21,556.097
1341,9,detected,1,0.985434,2,893,648,732.906,553.877
1342,9,detected,1,0.983184,2,895,645,732.974,552.289
1343,9,detected,1,0.98546,2,895,642,733.246,548.847
1344,9,detected,1,0.989772,2,896,638,732.907,547.604
1345,9,detected,1,0.980057,2,897,631,733,542.5
1346,9,detected,1,0.986936,2,899,627,733.208,538.961
1347,9,detected,1,0.987665,2,901,619,733.191,534.011
1348,9,detected,1,0.993689,2,901,616,732.5,532.5
1349,9,detected,1,0.981643,2,902,614,732.279,530.894
1350,9,detected,1,0.992703,2,904,608,732.5,528.5
1351,9,detected,1,0.987778,2,906,603,733.5,525
1352,9,detected,1,0.978257,2,907,601,733.446,524.107
1353,9,detected,1,0.973926,2,908,599,733.5,523.5
1354,9,detected,1,0.981497,2,908,596,732.5,523.5
1355,9,detected,1,0.994083,2,909,594,731.706,523.103
1356,9,detected,1,0.990768,2,909,592,731.995,522.011
1357,9,detected,1,0.981075,2,911,587,730.5,521.5
1358,9,detected,1,0.992937,2,911,584,731.5,518.5
1359,9,detected,1,0.988958,2,912,582,731.233,518.993
1360,9,detected,1,0.982561,2,914,579,731.423,518.346
1361,9,detected,1,0.97918,2,914,577,731.5,516.5
1362,9,detected,1,0.989314,2,915,573,730.5,516.5
1363,9,detected,1,0.979351,2,916,572,730.5,517
1364,9,detected,1,0.987156,2,917,568,730.5,516.5
1365,9,detected,1,0.980469,2,918,567,730.5,516
1366,9,detected,1,0.981568,2,918,565,729.5,515.5
1367,9,detected,1,0.983656,2,918,561,728.5,515
1368,9,detected,1,0.981425,2,918,558,727.5,515
1369,9,detected,1,0.989888,2,919,556,728.5,513.5
1370,9,detected,1,0.986894,2,921,550,728.5,511
1371,9,detected,1,0.989476,2,921,547,728.5,509.5
1372,9,detected,1,0.987503,2,921,544,727.5,509.5
1373,9,detected,1,0.970922,2,921,539,727,507.5
1374,9,detected,1,0.976256,2,921,533,726,503
1375,9,detected,1,0.983743,2,921,529,724.5,503
1376,9,detected,1,0.990765,2,921,527,723.759,502.565
1377,9,detected,1,0.988484,2,920,521,722,499.5
1378,9,detected,1,0.98597,2,920,518,721.873,498.593
1379,9,detected,1,0.989625,2,919,517,720.5,498.5
1380,9,detected,1,0.988854,2,917,513,717.39,499.982
1381,9,detected,1,0.987104,2,915,511,715.097,499.416
1382,9,detected,1,0.981041,2,913,509,713.004,499.477
1383,9,lost,1,0.977044,1,910,506,nan,nan
1384,9,lost,1,0.992568,1,908,506,nan,nan
1385,9,detected,1,0.984199,2,906,507,705,502.5
1386,9,detected,1,0.985525,2,903,510,701.5,510.5
1387,9,detected,1,0.931674,2,863,563,661.5,564.5
1388,9,detected,1,0.941305,2,837,596,635.5,596.5
1389,9,detected,1,0.953552,2,809,625,606.528,630
1390,9,detected,1,0.944912,2,745,675,541,682.5
1391,9,detected,1,0.957512,2,711,697,507.5,705
1392,9,detected,1,0.965851,2,684,712,479,720.5
1393,9,detected,1,0.978571,2,648,726,443.397,735.5
1394,9,detected,1,0.982353,2,632,734,425.5,745
1395,9,detected,1,0.980627,2,617,745,410.056,757.5
1396,9,detected,1,0.97373,2,602,763,394,781.5
1397,9,detected,1,0.981114,2,600,770,392.883,792
1398,9,detected,1,0.964345,2,602,782,393.5,806.5
1399,9,detected,1,0.978748,2,609,788,400.5,813
1400,9,detected,1,0.963854,2,624,795,415.5,823.5
1401,9,detected,1,0.969564,2,632,796,423.5,825.5
1402,9,detected,1,0.987746,2,639,798,431.457,834.935
1403,9,detected,1,0.977126,2,652,803,445.5,844.5
1404,9,detected,1,0.975369,2,659,804,453,846
1405,9,detected,1,0.98011,2,666,801,460,844.5
1406,9,detected,1,0.983414,2,675,790,471,841
1407,9,detected,1,0.986968,2,681,785,476.5,837
1408,9,detected,1,0.981384,2,688,782,484.5,837.5
1409,9,detected,1,0.973774,2,691,781,487.5,840.5
1410,9,detected,1,0.979608,2,695,779,492.5,839.5
1411,9,detected,1,0.976058,2,697,777,495.5,842
1412,9,detected,1,0.983834,2,700,774,499.5,842.5
1413,9,detected,1,0.980817,2,702,773,501.5,842.5
1414,9,detected,1,0.986484,2,703,772,504.5,847
1415,9,detected,1,0.97762,2,703,772,506.5,851.5
1416,9,detected,1,0.975275,2,704,772,507,852.5
1417,9,detected,1,0.975269,2,709,773,513,858
1418,9,detected,1,0.977411,2,711,775,517,861.5
1419,9,detected,1,0.977372,2,715,776,521,865.5
1420,9,detected,1,0.980913,2,722,777,530.5,872
1421,9,detected,1,0.984633,2,726,777,534.5,872.5
1422,9,detected,1,0.971723,2,734,778,544.5,878.5
1423,9,detected,1,0.980393,2,737,779,548.5,882.5
1424,9,lost,1,0.983494,1,742,782,nan,nan
1425,9,lost,1,0.985749,1,744,783,nan,nan
1426,9,lost,1,0.981874,1,746,783,nan,nan
1427,9,lost,1,0.976458,1,752,785,nan,nan
1428,9,lost,1,0.98385,1,755,786,nan,nan
1429,9,lost,1,0.987315,1,759,786,nan,nan
1430,9,lost,1,0.982902,1,764,786,nan,nan
1431,9,lost,1,0.982682,1,768,785,nan,nan
1432,9,lost,1,0.979665,1,772,785,nan,nan
1433,9,lost,1,0.983622,1,778,784,nan,nan
1434,9,lost,1,0.979064,1,783,783,nan,nan
1435,9,lost,1,0.982568,1,785,784,nan,nan
1436,9,lost,1,0.98969,1,787,783,nan,nan
1437,9,lost,1,0.980172,1,792,780,nan,nan
1438,0,lost,1,0.976921,1,794,780,nan,nan
1439,10,detected,1,0.983545,1,796,779,834.5,618.5
1440,10,detected,1,0.987679,1,801,778,834.5,615.5
1441,10,detected,1,0.993602,1,803,778,834.5,615.5
1442,10,detected,1,0.978933,1,807,777,834,612.5
1443,10,detected,1,0.988218,1,810,775,834.458,610.292
1444,10,detected,1,0.979154,1,812,773,833.5,609.5
1445,10,detected,1,0.985567,1,816,770,833.5,605.5
1446,10,detected,1,0.986043,1,818,768,833.5,601.5
1447,10,detected,1,0.977865,1,822,766,831.5,602.5
1448,10,detected,1,0.987937,1,823,765,831.5,600
1449,10,detected,1,0.990074,1,825,764,831.5,598
1450,10,detected,1,0.979346,1,829,761,830.94,594.5
1451,10,detected,1,0.983567,1,831,760,829.5,594.5
1452,10,detected,1,0.987307,1,835,755,829.458,590
1453,10,detected,1,0.98637,1,837,753,829.5,588.5
1454,10,detected,1,0.989219,2,839,751,829,585.5
1455,10,detected,1,0.98683,1,842,749,827.5,585.5
1456,10,detected,1,0.985733,1,843,748,826,583
1457,10,detected,1,0.980524,1,845,748,825.5,583.5
1458,10,detected,1,0.975449,1,848,745,823.5,581.5
1459,10,detected,1,0.990366,1,849,744,823.5,580.5
1460,10,detected,1,0.977773,1,852,742,821.5,578.5
1461,10,detected,1,0.983589,2,854,741,821,577.5
1462,10,detected,1,0.984362,2,857,739,819.5,574.5
1463,10,detected,1,0.981057,2,859,738,819.5,578.5
1464,10,detected,1,0.988957,2,861,738,819,577.5
1465,10,detected,1,0.990549,2,865,736,818.926,576.143
1466,10,detected,1,0.972899,2,867,737,817.5,573.5
1467,10,detected,1,0.992733,2,867,738,816.451,578.31
1468,10,detected,1,0.97741,2,871,737,815.5,578
1469,10,detected,1,0.98729,2,872,738,815,580
1470,10,detected,1,0.985745,2,875,740,812.926,582.143
1471,10,detected,1,0.981621,2,878,738,814.5,581.5
1472,10,detected,1,0.979853,2,880,735,812.5,579
1473,10,detected,1,0.993334,2,881,732,811.5,575.5
1474,10,detected,1,0.98477,2,883,730,811,575.5
1475,10,detected,1,0.97993,2,885,725,809.5,569.5
1476,10,detected,1,0.987992,2,886,722,809,569.5
1477,10,detected,1,0.992255,2,887,718,807.5,564.5
1478,10,detected,1,0.992907,2,889,712,806.5,562.5
1479,10,detected,1,0.979767,2,890,709,804.5,559
1480,10,detected,1,0.989099,2,891,702,802.5,553.5
1481,10,detected,1,0.990274,2,892,700,802.5,554.5
1482,10,detected,1,0.995807,2,893,696,799.923,552.323
1483,10,detected,1,0.987201,2,894,694,798.5,550
1484,10,detected,1,0.980853,2,894,692,796.39,550.305
1485,10,detected,1,0.995602,2,895,690,794.5,548.5
1486,10,detected,1,0.991017,2,895,689,793,548.5
1487,10,detected,1,0.98019,2,895,687,789.027,548.487
1488,10,detected,1,0.983688,2,896,686,788.5,548.5
1489,10,detected,1,0.970686,2,896,683,785.119,547.129
1490,10,detected,1,0.981151,2,897,683,783.5,546.5
1491,10,detected,1,0.985962,2,898,682,783.5,547.5
1492,10,detected,1,0.981603,2,899,681,781.5,548.5
1493,10,detected,1,0.991431,2,900,680,781.5,549.5
1494,10,detected,1,0.989237,2,901,676,779.5,547.5
1495,10,detected,1,0.97103,2,902,673,778.194,546.031
1496,10,detected,1,0.980288,2,904,669,777.5,543.5
1497,10,detected,1,0.988621,2,905,668,776.5,542.5
1498,10,detected,1,0.983551,2,905,667,776.5,543
1499,10,detected,1,0.983308,2,905,664,773.5,542
1500,10,detected,1,0.991131,2,905,658,771.845,537.995
1501,10,detected,1,0.986274,2,910,639,774.5,521.5
1502,10,detected,1,0.984165,2,913,633,775.731,516
1503,10,detected,1,0.987375,2,913,628,774.5,511.5
1504,10,detected,1,0.982931,2,919,613,778.5,500.5
1505,10,detected,1,0.990998,2,920,606,778.5,493.5
1506,10,detected,1,0.979217,2,920,596,775.5,484.5
1507,10,detected,1,0.980818,2,921,591,776.5,481.311
1508,10,detected,1,0.986917,2,925,583,778.335,475.318
1509,10,detected,1,0.973754,2,925,585,776.5,477.5
1510,10,detected,1,0.984514,2,924,587,774.335,481.318
1511,10,detected,1,0.981579,2,925,590,773.034,487.966
1512,10,detected,1,0.978924,2,922,593,769.5,490.43
1513,10,detected,1,0.978355,2,919,595,764,494
1514,10,detected,1,0.979655,2,918,596,761.71,496.718
1515,10,detected,1,0.982552,2,918,597,760.747,498.679
1516,10,detected,1,0.982769,2,915,599,756.343,502.958
1517,10,detected,1,0.978905,2,915,601,755.605,506.138
1518,10,detected,1,0.99589,2,915,604,754.011,510.772
1519,10,detected,1,0.991984,2,915,604,752.094,513.123
1520,10,detected,1,0.993248,2,915,604,750.812,514.08
1521,10,lost,1,0.992651,1,915,604,nan,nan
1522,10,detected,1,0.983539,2,915,603,749,516.5
1523,10,detected,1,0.991535,2,915,602,748.5,516.5
1524,10,detected,1,0.987219,2,915,601,747.598,516.817
1525,10,detected,1,0.986703,2,916,597,746.542,515.098
1526,10,detected,1,0.988388,2,916,595,745.5,514
1527,10,detected,1,0.987946,2,916,591,744.123,512.471
1528,10,detected,1,0.980483,2,917,589,744.676,510.463
1529,10,detected,1,0.99339,2,917,586,744.952,508.405
1530,10,detected,1,0.981959,2,917,581,742.804,506.932
1531,10,detected,1,0.993473,2,918,576,742.557,503.393
1532,10,detected,1,0.989693,2,918,574,742.015,502.466
1533,10,detected,1,0.979874,2,918,573,741.5,501.5
1534,10,detected,1,0.983936,2,918,571,740.002,502.424
1535,10,detected,1,0.987687,2,918,570,739.5,502
1536,10,detected,1,0.987215,2,917,569,737.973,502.486
1537,10,detected,1,0.993401,2,917,568,737.135,503.189
1538,10,detected,1,0.986048,2,918,567,737.114,503.522
1539,10,detected,1,0.977059,2,918,568,736,505.5
1540,10,detected,1,0.984446,2,918,568,735.554,506.893
1541,10,detected,1,0.988923,2,918,569,735.312,508.606
1542,10,lost,1,0.981689,1,917,571,nan,nan
1543,10,lost,1,0.982183,1,918,571,nan,nan
1544,10,lost,1,0.981615,1,918,571,nan,nan
1545,10,lost,1,0.983916,1,918,572,nan,nan
1546,10,lost,1,0.977419,1,902,561,nan,nan
1547,10,lost,1,0.965798,1,879,551,nan,nan
1548,10,lost,1,0.943645,1,847,539,nan,nan
1549,10,lost,1,0.946187,1,776,510,nan,nan
1550,10,lost,1,0.939987,1,742,493,nan,nan
1551,10,lost,1,0.937277,1,705,479,nan,nan
1552,10,lost,1,0.943502,1,632,455,nan,nan
1553,10,lost,1,0.951935,1,599,444,nan,nan
1554,10,lost,1,0.96256,1,548,429,nan,nan
1555,10,lost,1,0.969049,1,526,425,nan,nan
1556,0,lost,1,0.971527,1,500,426,nan,nan
1557,11,detected,1,0.964244,1,493,433,597,615.5
1558,11,detected,1,0.968413,1,484,453,589.5,634.5
1559,11,detected,1,0.966287,1,485,462,590.132,643.564
1560,11,detected,1,0.974637,1,487,471,592.5,652.5
1561,11,detected,1,0.964565,1,495,491,602.5,670.5
1562,11,detected,1,0.973387,1,501,499,609.5,678.5
1563,11,detected,1,0.969553,1,507,506,618,684.5
1564,11,detected,1,0.970264,1,517,520,628.5,698.5
1565,11,detected,1,0.965321,1,523,526,634.5,703.5
1566,11,detected,1,0.973095,1,533,532,648.5,707.5
1567,11,detected,1,0.9777,1,536,533,650.5,708.5
1568,11,detected,1,0.967701,1,543,529,658,703.5
1569,11,detected,1,0.977889,1,545,525,661.5,698.5
1570,11,detected,1,0.967948,1,546,521,662.774,694.274
1571,11,detected,1,0.97353,1,547,511,665.5,683.5
1572,11,detected,1,0.975908,1,548,507,665.5,679.5
1573,11,detected,1,0.970497,1,548,503,667.5,675.5
1574,11,detected,1,0.977457,1,546,497,667.822,666.649
1575,11,detected,1,0.972422,1,545,494,666.5,664.5
1576,11,detected,1,0.978294,1,543,490,665.5,659.5
1577,11,detected,1,0.976188,1,543,488,666.5,656.5
1578,11,detected,1,0.963609,1,543,485,665.5,654.5
1579,11,detected,1,0.97023,1,543,485,667,653.5
1580,11,detected,1,0.964755,1,544,485,669.5,652
1581,11,detected,1,0.967497,1,545,486,669.5,653.5
1582,11,detected,1,0.97748,1,545,487,669.524,655.03
1583,11,detected,1,0.970788,1,545,488,670.5,655.5
1584,11,detected,1,0.961619,1,544,489,670.5,655
1585,11,detected,1,0.956511,1,543,489,670.5,654
1586,11,detected,1,0.972069,1,541,489,669.5,653.5
1587,11,detected,1,0.968331,1,541,489,669,652.5
1588,11,detected,1,0.970943,1,540,489,667.701,653.323
1589,11,detected,1,0.974515,1,539,489,669.5,651.5
1590,11,detected,1,0.967223,1,539,487,669.5,649.5
1591,11,detected,1,0.971571,1,539,487,670.5,648.5
1592,11,detected,1,0.976052,1,539,486,671.232,647.232
1593,11,detected,1,0.975469,1,539,485,671.5,645.5
1594,11,detected,1,0.968572,1,539,485,672.5,644.5
1595,11,detected,1,0.964377,1,538,484,672.008,644.008
1596,11,detected,1,0.963739,1,538,484,672.5,641.5
1597,11,detected,1,0.975866,1,538,483,671.532,642.469
1598,11,detected,1,0.966007,1,538,482,673.5,640
1599,11,detected,1,0.970084,1,539,480,675.28,637.28
1600,11,detected,1,0.961482,1,540,480,675.264,637.264
1601,11,detected,1,0.975232,1,540,479,676.256,636.256
1602,11,detected,1,0.965272,1,541,479,677.977,635.977
1603,11,detected,1,0.96868,1,541,480,678.5,635.5
1604,11,detected,1,0.96987,1,540,480,679.5,634
1605,11,detected,1,0.968649,1,540,480,679.5,634.5
1606,11,detected,1,0.96113,1,540,481,679.5,635.5
1607,11,detected,1,0.968987,1,541,482,679.5,637
1608,11,detected,1,0.973561,1,541,483,680.5,636.5
1609,11,detected,1,0.973393,1,541,484,682.5,636.5
1610,11,detected,1,0.967439,1,541,484,683.5,635.5
1611,11,detected,1,0.969991,1,541,485,683,637
1612,11,detected,1,0.966101,1,541,486,683.5,637.5
1613,11,detected,1,0.973232,1,541,487,684.512,636.622
1614,11,detected,1,0.968231,1,540,489,684.5,638.5
1615,11,detected,1,0.974727,1,540,490,685.5,637.5
1616,11,detected,1,0.964197,1,539,491,683.5,641
1617,11,detected,1,0.972059,1,539,492,684.5,640
1618,11,detected,1,0.976743,1,539,492,683.5,641.5
1619,11,detected,1,0.966939,1,539,493,685.5,639.5
1620,11,detected,1,0.961705,1,539,494,685.5,639.5
1621,11,detected,1,0.968757,1,539,494,686.5,638.5
1622,11,detected,1,0.969177,1,538,495,686.5,638.5
1623,11,detected,1,0.972991,1,538,495,686.5,639
1624,11,detected,1,0.970976,1,538,495,687.5,637.5
1625,11,detected,1,0.970715,1,538,494,687.5,637.5
1626,11,detected,1,0.971207,1,538,494,687.5,637.5
1627,11,detected,1,0.969259,1,538,494,688,636
1628,11,detected,1,0.968462,1,538,494,688,636
1629,11,detected,1,0.969533,1,537,495,687,637.5
1630,11,detected,1,0.974398,1,537,495,687.5,636.5
1631,11,detected,1,0.963004,1,536,495,688.5,634.5
1632,11,detected,1,0.966246,1,536,494,687.5,635.5
1633,11,detected,1,0.961981,1,536,494,689.5,632
1634,11,detected,1,0.961514,1,536,493,689.5,631.5
1635,11,detected,1,0.959747,1,536,494,689.5,631.5
1636,11,detected,1,0.962985,1,536,494,688.5,633.5
1637,11,detected,1,0.971518,1,536,494,691.5,630
1638,11,detected,1,0.967679,1,536,494,691.5,630
1639,11,detected,1,0.962256,1,536,493,690.5,630.5
1640,11,detected,1,0.963733,1,536,494,689.749,631.672
1641,11,detected,1,0.967335,1,535,495,689.749,631.672
1642,11,detected,1,0.970758,1,535,495,690.5,630.5
1643,11,detected,1,0.95429,1,534,495,690.5,630.5
1644,11,detected,1,0.958103,1,535,496,690.977,629.818
1645,11,detected,1,0.971401,1,534,496,690.977,629.818
1646,11,detected,1,0.965142,1,534,497,690.742,630.661
1647,11,detected,1,0.974146,1,533,498,691,630.5
1648,11,detected,1,0.954986,1,533,500,690.977,630.818
1649,11,detected,1,0.964871,1,531,501,690.5,631.5
1650,11,detected,1,0.96528,1,530,502,690.023,632.182
1651,11,detected,1,0.976118,1,529,503,689.5,632.5
1652,11,detected,1,0.959452,1,528,504,688.977,632.818
1653,11,detected,1,0.968978,1,528,504,688.5,633.5
1654,11,detected,1,0.973653,1,526,506,688,633.5
1655,11,detected,1,0.961163,1,526,507,687.5,634.5
1656,11,detected,1,0.969524,1,525,509,688.5,633.5
1657,11,lost,1,0.958264,0,525,511,nan,nan
1658,11,lost,1,0.972434,0,524,511,nan,nan
1659,11,lost,1,0.970457,0,524,512,nan,nan
1660,11,lost,1,0.95448,0,523,513,nan,nan
1661,11,lost,1,0.963268,0,523,512,nan,nan
1662,11,lost,1,0.967501,0,523,512,nan,nan
1663,11,lost,1,0.968191,0,523,512,nan,nan
1664,11,lost,1,0.962368,0,523,512,nan,nan
1665,11,lost,1,0.958726,0,523,511,nan,nan
1666,11,lost,1,0.968335,0,523,511,nan,nan
1667,11,lost,1,0.965612,0,523,511,nan,nan
1668,11,lost,1,0.960624,0,523,511,nan,nan
1669,11,lost,1,0.963916,0,523,511,nan,nan
1670,11,lost,1,0.966626,0,523,511,nan,nan
1671,0,lost,1,0.97582,0,523,511,nan,nan
1672,0,lost,1,0.975756,0,523,510,nan,nan
1673,0,lost,1,0.972831,0,523,510,nan,nan
1674,0,lost,1,0.967941,0,524,511,nan,nan
1675,0,lost,1,0.966976,0,523,511,nan,nan
1676,0,lost,1,0.975236,0,524,511,nan,nan
1677,0,lost,1,0.96337,0,524,510,nan,nan
1678,0,lost,1,0.973952,0,525,510,nan,nan
1679,0,lost,1,0.965777,0,525,510,nan,nan
1680,0,lost,1,0.968131,0,526,509,nan,nan
1681,0,lost,1,0.96207,0,526,509,nan,nan
1682,0,lost,1,0.971474,0,526,510,nan,nan
1683,12,detected,1,0.973698,1,526,510,430.5,365.5
1684,12,detected,1,0.9691,2,526,510,430.222,366.889
1685,12,detected,1,0.962433,2,526,510,428.5,365.5
1686,12,detected,1,0.964987,2,527,509,427.5,366.5
1687,12,detected,1,0.969705,2,528,512,427.5,370.5
1688,12,detected,1,0.972648,2,527,518,425.183,376.409
1689,12,detected,1,0.97836,2,525,526,422.41,384.795
1690,12,detected,1,0.964512,2,523,542,419.5,402.5
1691,12,detected,1,0.966509,2,520,552,415.476,412.403
1692,12,detected,1,0.974066,2,518,561,412,421.5
1693,12,detected,1,0.970335,2,516,576,408.73,438.08
1694,12,detected,1,0.970137,2,515,582,407.191,444.989
1695,12,detected,1,0.967302,2,514,588,403.5,449.5
1696,12,detected,1,0.961162,2,513,593,402.5,457
1697,12,detected,1,0.96164,2,512,604,398.61,466.695
1698,12,detected,1,0.955422,2,510,610,394.5,474
1699,12,detected,1,0.961358,2,510,611,393.5,475.5
1700,12,detected,1,0.974724,2,510,611,392.61,476.695
1701,12,detected,1,0.956714,2,510,610,389.963,477.23
1702,12,detected,1,0.975849,2,509,608,389,476.5
1703,12,detected,1,0.96996,2,509,606,387.795,474.475
1704,12,detected,1,0.97083,2,509,604,385.5,474.5
1705,12,detected,1,0.971513,2,509,603,384.639,473.494
1706,12,detected,1,0.970134,2,509,602,383.5,473.5
1707,12,detected,1,0.967196,2,509,601,382,474
1708,12,detected,1,0.957707,2,510,600,380.89,474.073
1709,12,detected,1,0.964732,2,510,600,380.085,476.891
1710,12,detected,1,0.970953,2,512,601,379.5,478.5
1711,12,detected,1,0.970307,2,512,602,378.5,480.5
1712,12,detected,1,0.970994,2,512,603,377.5,482.5
1713,12,detected,1,0.959272,2,511,606,374.641,486.066
1714,12,detected,1,0.95722,2,511,607,372.874,489.645
1715,12,detected,1,0.961941,2,511,612,370.5,494.5
1716,12,detected,1,0.973416,2,511,614,370.5,498.5
1717,12,detected,1,0.973489,2,511,617,368.631,502.359
1718,12,detected,1,0.967046,2,511,624,366.766,511.574
1719,12,detected,1,0.971516,2,511,628,365.675,515.803
1720,12,detected,1,0.973283,2,511,632,364.5,520.645
1721,12,detected,1,0.959433,2,510,642,361.064,532
1722,12,detected,1,0.951465,2,509,650,358.5,542.5
1723,12,detected,1,0.965327,2,509,653,356.631,546.641
1724,12,detected,1,0.971363,2,508,657,355.246,551.5
1725,12,detected,1,0.953924,2,509,661,354.631,558.631
1726,12,detected,1,0.954301,2,509,663,353.5,561.5
1727,12,detected,1,0.953953,2,510,665,352.5,564.5
1728,12,detected,1,0.964508,2,512,670,352.5,571.5
1729,12,detected,1,0.959682,2,513,672,351.729,575.199
1730,12,detected,1,0.963505,2,512,676,348.996,581.534
1731,12,detected,1,0.959555,2,513,678,348.71,585.034
1732,12,detected,1,0.971246,2,514,680,348.5,588.5
1733,12,detected,1,0.961807,2,514,683,346.929,593.127
1734,12,detected,1,0.967805,1,515,688,346.139,601.491
1735,12,detected,1,0.968052,2,517,690,346.821,604.048
1736,12,detected,1,0.971037,2,517,693,344.889,610.839
1737,12,detected,1,0.965353,2,518,694,344.5,612.5
1738,12,detected,1,0.971487,2,523,692,348.5,613.5
1739,12,detected,1,0.936695,2,584,664,407.5,592
1740,12,detected,1,0.947038,2,620,648,443,577.5
1741,12,detected,1,0.946172,2,658,636,478.635,570.659
1742,12,lost,0,0.928506,0,nan,nan,nan,nan
1743,12,detected,1,0.933763,2,783,597,601,539
1744,12,detected,1,0.968499,2,852,572,668.5,518.5
1745,12,detected,1,0.971037,2,880,564,695.5,513.5
1746,12,detected,1,0.977915,2,932,547,744.5,502
1747,12,detected,1,0.983543,2,949,538,760.5,494.5
1748,12,detected,1,0.975649,2,966,527,776.389,485.345
1749,12,detected,1,0.984094,2,971,524,780.5,485.5
1750,12,detected,1,0.983256,2,973,520,780.5,486.5
1751,12,detected,1,0.976647,2,966,523,773.5,489.5
1752,12,detected,1,0.983357,2,959,525,765.5,496
1753,12,detected,1,0.989241,2,954,528,760.5,497.5
1754,12,detected,1,0.979051,2,942,533,747.5,508.5
1755,12,detected,1,0.976706,2,934,536,739.5,511.5
1756,12,detected,1,0.98869,2,922,541,726,520.5
1757,12,detected,1,0.98608,2,916,544,720.5,524.5
1758,12,detected,1,0.987715,2,904,549,707.5,532
1759,12,detected,1,0.990668,2,900,548,703.5,532.5
1760,12,detected,1,0.988795,2,896,546,698.5,534.5
1761,12,detected,1,0.985473,2,893,546,695,538
1762,12,detected,1,0.988399,2,891,542,692,537
1763,12,detected,1,0.995282,2,891,538,692,536
1764,12,detected,1,0.990322,2,891,530,692.5,529.5
1765,12,detected,1,0.975999,2,892,527,692.5,528.5
1766,12,detected,1,0.987416,2,893,523,694,526.5
1767,12,detected,1,0.985243,2,895,515,695,522
1768,12,detected,1,0.991899,2,896,510,696.376,520
1769,12,detected,1,0.991436,2,897,506,696.5,518.5
1770,12,detected,1,0.974266,2,895,499,694.942,515.5
1771,12,detected,1,0.979518,2,893,489,692,510
1772,12,detected,1,0.99374,2,891,484,690.5,508
1773,12,detected,1,0.99004,2,889,480,688.965,505.5
1774,12,detected,1,0.984876,2,886,473,686.5,503.5
1775,12,detected,1,0.980148,2,885,470,684.5,502
1776,12,detected,1,0.982492,2,881,464,682.5,500.5
1777,12,detected,1,0.988785,2,880,462,680.5,499.5
1778,12,detected,1,0.986329,2,878,461,678.5,500
1779,12,detected,1,0.987889,2,875,458,676,502
1780,12,detected,1,0.989078,2,873,457,674.5,502.5
1781,12,detected,1,0.990392,2,871,456,672.5,503
1782,12,detected,1,0.982585,2,868,455,670.5,507.5
1783,12,detected,1,0.985272,1,865,453,668,508.5
1784,12,detected,1,0.98398,1,864,452,666.5,507.5
1785,12,detected,1,0.990699,1,861,450,664.5,509.5
1786,12,detected,1,0.973483,1,860,450,664,513
1787,12,detected,1,0.986137,1,858,448,663.5,513.5
1788,12,detected,1,0.985592,1,856,444,661.5,513.5
1789,12,detected,1,0.988519,1,854,442,660.5,512
1790,12,detected,1,0.980458,1,851,436,658.5,511
1791,12,detected,1,0.986191,1,849,434,657.5,511.5
1792,12,detected,1,0.978436,1,847,431,655.5,509
1793,12,detected,1,0.980819,1,842,428,653.193,513.09
1794,12,detected,1,0.983083,1,837,425,649.448,514.35
1795,12,detected,1,0.974612,1,834,423,646.5,512.5
1796,12,detected,1,0.978423,1,828,421,642.5,514
1797,12,detected,1,0.983512,1,825,420,640.5,514
1798,12,detected,1,0.987549,1,823,419,638.5,514
1799,12,detected,1,0.982796,1,817,417,635.5,517.5
